time,user_id,seq_id,scenario,acc_magnitude,gyro_magnitude,skin_contact,heart_rate,packet_status,is_interpolated,motion_score,wear_score,data_quality_score,raw_decision,final_decision,latched_event,reason
1779982498.2954216,U1,0,normal_idle,0.0260,2.7177,1,71,received,False,0.00,1.00,1.00,NORMAL,NORMAL,,정상 활동 범위
1779982500.1598938,U1,2,normal_idle,0.0705,2.5265,1,71,received,False,0.00,1.00,0.60,NORMAL,NORMAL,,정상 활동 범위
1779982500.5560806,U1,3,normal_idle,0.0416,5.6933,1,72,received,False,0.00,1.00,0.70,NORMAL,NORMAL,,정상 활동 범위
1779982501.50614,U1,5,normal_idle,0.0697,1.1356,1,72,received,False,0.00,1.00,0.73,NORMAL,NORMAL,,정상 활동 범위
1779982501.8605876,U1,6,normal_idle,0.0138,5.8485,1,72,received,False,0.00,1.00,0.77,NORMAL,NORMAL,,정상 활동 범위
1779982504.5709095,U1,8,normal_idle,0.0547,1.4194,1,71,received,False,0.00,1.00,0.69,NORMAL,NORMAL,,정상 활동 범위
1779982504.9293025,U1,9,normal_idle,0.0347,2.3254,1,71,received,False,0.00,1.00,0.72,NORMAL,NORMAL,,정상 활동 범위
1779982505.4124084,U1,10,normal_idle,0.0630,5.1120,1,72,received,False,0.00,1.00,0.75,NORMAL,NORMAL,,정상 활동 범위
1779982505.993476,U1,11,normal_idle,0.0480,0.8142,1,72,received,False,0.00,1.00,0.77,NORMAL,NORMAL,,정상 활동 범위
1779982506.857047,U1,13,normal_idle,0.0743,2.5049,1,72,received,False,0.00,1.00,0.83,NORMAL,NORMAL,,정상 활동 범위
1779982507.4596403,U1,14,normal_idle,0.0665,1.5663,1,71,received,False,0.00,1.00,0.83,NORMAL,NORMAL,,정상 활동 범위
1779982508.0364823,U1,15,normal_idle,0.0707,0.9569,1,71,received,False,0.00,1.00,0.83,NORMAL,NORMAL,,정상 활동 범위
1779982508.713169,U1,16,normal_idle,0.0199,4.0476,1,72,received,False,0.00,1.00,0.87,NORMAL,NORMAL,,정상 활동 범위
1779982509.7157116,U1,18,normal_idle,0.0709,2.8609,1,72,received,False,0.00,1.00,0.83,NORMAL,NORMAL,,정상 활동 범위
1779982510.1632545,U1,19,normal_idle,0.0548,5.3262,1,73,received,False,0.00,1.00,0.93,NORMAL,NORMAL,,정상 활동 범위
1779982511.0528314,U1,21,normal_idle,0.0297,2.0753,1,72,received,False,0.00,1.00,0.90,NORMAL,NORMAL,,정상 활동 범위
1779982511.8807247,U1,23,normal_idle,0.0735,0.6839,1,70,received,False,0.00,1.00,0.87,NORMAL,NORMAL,,정상 활동 범위
1779982513.6578903,U1,25,normal_idle,0.0465,1.0081,1,69,received,False,0.00,1.00,0.80,NORMAL,NORMAL,,정상 활동 범위
1779982514.2713935,U1,26,normal_idle,0.0137,4.4005,1,69,received,False,0.00,1.00,0.80,NORMAL,NORMAL,,정상 활동 범위
1779982514.9471626,U1,28,normal_idle,0.0343,0.7959,1,69,received,False,0.00,1.00,0.77,NORMAL,NORMAL,,정상 활동 범위
1779982515.435914,U1,29,normal_idle,0.0411,4.9169,1,70,received,False,0.00,1.00,0.80,NORMAL,NORMAL,,정상 활동 범위
1779982515.7953243,U1,30,normal_idle,0.0178,0.6257,1,69,received,False,0.00,1.00,0.80,NORMAL,NORMAL,,정상 활동 범위
1779982516.1923594,U1,31,normal_idle,0.0566,4.1745,1,69,received,False,0.00,1.00,0.80,NORMAL,NORMAL,,정상 활동 범위
1779982516.7259665,U1,32,normal_idle,0.0413,5.9224,1,70,received,False,0.00,1.00,0.83,NORMAL,NORMAL,,정상 활동 범위
1779982517.0847385,U1,33,normal_idle,0.0540,5.7287,1,70,received,False,0.00,1.00,0.83,NORMAL,NORMAL,,정상 활동 범위
1779982517.6301968,U1,34,normal_idle,0.0452,4.3462,1,70,received,False,0.00,1.00,0.87,NORMAL,NORMAL,,정상 활동 범위
1779982518.0370946,U1,35,normal_idle,0.0681,0.6202,1,69,received,False,0.00,1.00,0.87,NORMAL,NORMAL,,정상 활동 범위
1779982518.6824753,U1,36,normal_idle,0.0429,2.3170,1,69,received,False,0.00,1.00,0.97,NORMAL,NORMAL,,정상 활동 범위
1779982519.0488114,U1,37,normal_idle,0.0617,1.4936,1,69,received,False,0.00,1.00,0.97,NORMAL,NORMAL,,정상 활동 범위
1779982519.7349339,U1,38,normal_idle,0.0600,1.1242,1,69,received,False,0.00,1.00,0.97,NORMAL,NORMAL,,정상 활동 범위
1779982520.188467,U1,39,normal_idle,0.0147,4.3198,1,70,received,False,0.00,1.00,1.00,NORMAL,NORMAL,,정상 활동 범위
1779982520.9082367,U1,41,normal_idle,0.0617,4.1795,1,69,received,False,0.00,1.00,0.97,NORMAL,NORMAL,,정상 활동 범위
1779982521.5234566,U1,42,normal_idle,0.0622,0.5735,1,70,received,False,0.00,1.00,0.97,NORMAL,NORMAL,,정상 활동 범위
1779982522.0791438,U1,43,normal_idle,0.0654,1.9756,1,70,received,False,0.00,1.00,0.97,NORMAL,NORMAL,,정상 활동 범위
1779982522.6720757,U1,44,normal_idle,0.0254,1.5675,1,70,received,False,0.00,1.00,0.97,NORMAL,NORMAL,,정상 활동 범위
1779982523.1455874,U1,45,normal_idle,0.0255,5.4417,1,70,received,False,0.00,1.00,0.97,NORMAL,NORMAL,,정상 활동 범위
1779982523.842655,U1,46,normal_idle,0.0297,1.9599,1,71,received,False,0.00,1.00,0.97,NORMAL,NORMAL,,정상 활동 범위
1779982524.3673584,U1,47,normal_idle,0.0229,4.4905,1,70,received,False,0.00,1.00,0.97,NORMAL,NORMAL,,정상 활동 범위
1779982525.0017877,U1,48,normal_idle,0.0418,5.9898,1,70,received,False,0.00,1.00,0.97,NORMAL,NORMAL,,정상 활동 범위
1779982525.4445386,U1,49,normal_idle,0.0204,4.0450,1,71,received,False,0.00,1.00,0.97,NORMAL,NORMAL,,정상 활동 범위
1779982526.1503093,U1,50,normal_idle,0.0314,2.1570,1,71,received,False,0.00,1.00,0.97,NORMAL,NORMAL,,정상 활동 범위
1779982526.8076904,U1,52,normal_idle,0.0201,1.6226,1,71,received,False,0.00,1.00,0.97,NORMAL,NORMAL,,정상 활동 범위
1779982527.4724963,U1,54,normal_idle,0.0346,0.5509,1,70,received,False,0.00,1.00,0.93,NORMAL,NORMAL,,정상 활동 범위
1779982528.0533645,U1,55,normal_idle,0.0327,5.2661,1,70,received,False,0.00,1.00,0.93,NORMAL,NORMAL,,정상 활동 범위
1779982528.9463716,U1,57,normal_idle,0.0395,0.9546,1,69,received,False,0.00,1.00,0.90,NORMAL,NORMAL,,정상 활동 범위
1779982529.6097014,U1,58,normal_idle,0.0317,5.1170,1,69,received,False,0.00,1.00,0.90,NORMAL,NORMAL,,정상 활동 범위
1779982529.9671392,U1,59,normal_idle,0.0273,2.1930,1,69,received,False,0.00,1.00,0.90,NORMAL,NORMAL,,정상 활동 범위
1779982530.5172508,U1,60,normal_idle,0.0678,0.7596,1,69,received,False,0.00,1.00,0.90,NORMAL,NORMAL,,정상 활동 범위
1779982530.8855789,U1,61,normal_idle,0.0734,4.2829,1,70,received,False,0.00,1.00,0.90,NORMAL,NORMAL,,정상 활동 범위
1779982531.4439044,U1,62,normal_idle,0.0680,3.2985,1,70,received,False,0.00,1.00,0.90,NORMAL,NORMAL,,정상 활동 범위
1779982531.8507009,U1,63,normal_idle,0.0409,5.1984,1,70,received,False,0.00,1.00,0.93,NORMAL,NORMAL,,정상 활동 범위
1779982532.2704256,U1,64,normal_idle,0.0757,0.7505,1,70,received,False,0.00,1.00,0.93,NORMAL,NORMAL,,정상 활동 범위
1779982532.6514313,U1,65,normal_idle,0.0378,3.4491,1,70,received,False,0.00,1.00,0.97,NORMAL,NORMAL,,정상 활동 범위
1779982533.2860649,U1,66,normal_idle,0.0434,3.6550,1,69,received,False,0.00,1.00,0.97,NORMAL,NORMAL,,정상 활동 범위
1779982533.7161043,U1,67,normal_idle,0.0725,3.6937,1,68,received,False,0.00,1.00,0.97,NORMAL,NORMAL,,정상 활동 범위
1779982534.220459,U1,68,normal_idle,0.0519,4.1054,1,69,received,False,0.00,1.00,1.00,NORMAL,NORMAL,,정상 활동 범위
1779982534.6286414,U1,69,normal_idle,0.0208,4.3676,1,71,received,False,0.00,1.00,1.00,NORMAL,NORMAL,,정상 활동 범위
1779982535.3155875,U1,70,normal_idle,0.0115,3.5613,1,72,received,False,0.00,1.00,1.00,NORMAL,NORMAL,,정상 활동 범위
1779982535.7357872,U1,71,normal_idle,0.0366,1.4521,1,71,received,False,0.00,1.00,1.00,NORMAL,NORMAL,,정상 활동 범위
1779982536.1292872,U1,72,normal_idle,0.0452,2.8246,1,72,received,False,0.00,1.00,1.00,NORMAL,NORMAL,,정상 활동 범위
1779982536.616136,U1,73,normal_idle,0.0226,3.2796,1,72,received,False,0.00,1.00,1.00,NORMAL,NORMAL,,정상 활동 범위
1779982537.2834406,U1,74,normal_idle,0.0522,0.8126,1,72,received,False,0.00,1.00,1.00,NORMAL,NORMAL,,정상 활동 범위
1779982537.8270164,U1,75,normal_idle,0.0528,4.5000,1,72,received,False,0.00,1.00,1.00,NORMAL,NORMAL,,정상 활동 범위
1779982538.353754,U1,76,normal_idle,0.0266,3.2170,1,72,received,False,0.00,1.00,1.00,NORMAL,NORMAL,,정상 활동 범위
1779982538.8538952,U1,77,normal_idle,0.0745,1.4433,1,71,received,False,0.00,1.00,1.00,NORMAL,NORMAL,,정상 활동 범위
1779982540.2967243,U1,78,normal_idle,0.0410,1.7126,1,71,received,False,0.00,1.00,1.00,NORMAL,NORMAL,,정상 활동 범위
1779982541.7162662,U1,79,normal_idle,0.0549,1.0141,1,70,received,False,0.00,1.00,1.00,NORMAL,NORMAL,,정상 활동 범위
1779982543.2126894,U1,80,normal_idle,0.0507,1.6923,1,70,received,False,0.00,1.00,1.00,NORMAL,NORMAL,,정상 활동 범위
1779982543.6945877,U1,81,normal_idle,0.0558,2.0537,1,70,received,False,0.00,1.00,1.00,NORMAL,NORMAL,,정상 활동 범위
1779982544.269791,U1,82,normal_idle,0.0765,3.0587,1,70,received,False,0.00,1.00,1.00,NORMAL,NORMAL,,정상 활동 범위
1779982545.787844,U1,83,normal_idle,0.0346,3.2947,1,70,received,False,0.00,1.00,1.00,NORMAL,NORMAL,,정상 활동 범위
1779982546.2424154,U1,84,normal_idle,0.0672,0.5613,1,70,received,False,0.00,1.00,1.00,NORMAL,NORMAL,,정상 활동 범위
1779982546.809248,U1,85,normal_idle,0.0102,3.4958,1,69,received,False,0.00,1.00,1.00,NORMAL,NORMAL,,정상 활동 범위
1779982547.2516694,U1,86,normal_idle,0.0396,2.2995,1,70,received,False,0.00,1.00,1.00,NORMAL,NORMAL,,정상 활동 범위
1779982547.8618646,U1,87,normal_idle,0.0544,1.3479,1,69,received,False,0.00,1.00,1.00,NORMAL,NORMAL,,정상 활동 범위
1779982548.2942865,U1,88,normal_idle,0.0278,5.5170,1,69,received,False,0.00,1.00,1.00,NORMAL,NORMAL,,정상 활동 범위
1779982548.6843553,U1,89,normal_idle,0.0565,2.8971,1,69,received,False,0.00,1.00,1.00,NORMAL,NORMAL,,정상 활동 범위
1779982549.1201754,U1,90,normal_idle,0.0269,2.0808,1,71,received,False,0.00,1.00,1.00,NORMAL,NORMAL,,정상 활동 범위
1779982549.7691514,U1,91,real_fall,0.3772,50.2650,1,71,received,False,0.00,1.00,1.00,NORMAL,NORMAL,,정상 활동 범위
1779982550.4533806,U1,92,real_fall,0.2687,42.2552,1,71,received,False,0.00,1.00,1.00,NORMAL,NORMAL,,정상 활동 범위
1779982551.4162502,U1,94,real_fall,0.4030,55.9579,1,74,received,False,0.00,1.00,0.97,NORMAL,NORMAL,,정상 활동 범위
1779982552.0184608,U1,95,real_fall,0.1306,20.9091,1,72,received,False,0.00,1.00,0.97,NORMAL,NORMAL,,정상 활동 범위
1779982552.5873573,U1,96,real_fall,0.3943,48.8869,1,74,received,False,0.00,1.00,0.97,NORMAL,NORMAL,,정상 활동 범위
1779982553.1870253,U1,97,real_fall,0.2937,41.2660,1,74,received,False,0.00,1.00,0.97,NORMAL,NORMAL,,정상 활동 범위
1779982553.7767937,U1,98,real_fall,0.2305,38.9443,1,75,received,False,0.00,1.00,0.97,NORMAL,NORMAL,,정상 활동 범위
1779982554.6276815,U1,100,real_fall,3.7546,353.2127,1,81,received,False,0.55,1.00,0.93,WARNING,WARNING,,"가속도 3.8g 충격, 충격 후 정지 미확인 → 낙상 후보 경고 (단순 충격일 수 있음)"
1779982555.1851342,U1,101,real_fall,4.2845,534.6952,1,83,received,False,0.55,1.00,0.93,WARNING,WARNING,,"가속도 4.3g 충격, 충격 후 정지 미확인 → 낙상 후보 경고 (단순 충격일 수 있음)"
1779982555.5427392,U1,102,real_fall,0.0187,11.4613,1,85,received,False,0.55,1.00,0.93,WARNING,WARNING,,"가속도 4.3g 충격, 충격 후 정지 미확인 → 낙상 후보 경고 (단순 충격일 수 있음)"
1779982555.9513035,U1,103,real_fall,0.0272,11.3914,1,87,received,False,1.00,1.00,0.93,EMERGENCY_FALL,EMERGENCY_FALL,EMERGENCY_FALL,"가속도 4.3g 충격+동반 회전, 충격 후 정지 확인, 착용 정상 → 실제 낙상 판정"
1779982556.3126163,U1,104,real_fall,0.0356,10.6356,1,89,received,False,1.00,1.00,0.93,EMERGENCY_FALL,EMERGENCY_FALL,EMERGENCY_FALL,"가속도 4.3g 충격+동반 회전, 충격 후 정지 확인, 착용 정상 → 실제 낙상 판정"
1779982557.4699786,U1,107,real_fall,0.0727,10.4773,1,93,received,False,1.00,1.00,0.90,EMERGENCY_FALL,EMERGENCY_FALL,EMERGENCY_FALL,"가속도 4.3g 충격+동반 회전, 충격 후 정지 확인, 착용 정상 → 실제 낙상 판정"
1779982558.0994666,U1,108,real_fall,0.0412,2.2318,1,94,received,False,1.00,1.00,0.90,EMERGENCY_FALL,EMERGENCY_FALL,EMERGENCY_FALL,"가속도 4.3g 충격+동반 회전, 충격 후 정지 확인, 착용 정상 → 실제 낙상 판정"
1779982558.4795508,U1,109,real_fall,0.0349,9.8251,1,95,received,False,1.00,1.00,0.90,EMERGENCY_FALL,EMERGENCY_FALL,EMERGENCY_FALL,"가속도 4.3g 충격+동반 회전, 충격 후 정지 확인, 착용 정상 → 실제 낙상 판정"
1779982558.9788115,U1,110,real_fall,0.0245,8.4608,1,96,received,False,1.00,1.00,0.90,EMERGENCY_FALL,EMERGENCY_FALL,EMERGENCY_FALL,"가속도 4.3g 충격+동반 회전, 충격 후 정지 확인, 착용 정상 → 실제 낙상 판정"
1779982559.3924208,U1,111,real_fall,0.0693,4.5079,1,98,received,False,1.00,1.00,0.93,EMERGENCY_FALL,EMERGENCY_FALL,EMERGENCY_FALL,"가속도 4.3g 충격+동반 회전, 충격 후 정지 확인, 착용 정상 → 실제 낙상 판정"
1779982559.9039235,U1,112,real_fall,0.0330,11.6588,1,98,received,False,1.00,1.00,0.93,EMERGENCY_FALL,EMERGENCY_FALL,EMERGENCY_FALL,"가속도 4.3g 충격+동반 회전, 충격 후 정지 확인, 착용 정상 → 실제 낙상 판정"
1779982560.336957,U1,113,real_fall,0.0490,2.5205,1,99,received,False,0.00,1.00,0.93,NORMAL,EMERGENCY_FALL,EMERGENCY_FALL,낙상 이벤트 확정됨 — 시계의 'I'm OK' 또는 'Emergency SOS' 응답 대기
1779982560.9906378,U1,114,real_fall,0.0521,3.9119,1,100,received,False,0.00,1.00,0.93,NORMAL,EMERGENCY_FALL,EMERGENCY_FALL,낙상 이벤트 확정됨 — 시계의 'I'm OK' 또는 'Emergency SOS' 응답 대기
1779982561.678854,U1,115,real_fall,0.0355,9.5521,1,100,received,False,0.00,1.00,0.93,NORMAL,EMERGENCY_FALL,EMERGENCY_FALL,낙상 이벤트 확정됨 — 시계의 'I'm OK' 또는 'Emergency SOS' 응답 대기
1779982562.0495822,U1,116,real_fall,0.0639,4.7957,1,101,received,False,0.00,1.00,0.93,NORMAL,EMERGENCY_FALL,EMERGENCY_FALL,낙상 이벤트 확정됨 — 시계의 'I'm OK' 또는 'Emergency SOS' 응답 대기
1779982562.6613066,U1,117,real_fall,0.0659,11.4187,1,101,received,False,0.00,1.00,0.97,NORMAL,EMERGENCY_FALL,EMERGENCY_FALL,낙상 이벤트 확정됨 — 시계의 'I'm OK' 또는 'Emergency SOS' 응답 대기
1779982563.2957382,U1,118,real_fall,0.0284,9.9119,1,101,received,False,0.00,1.00,1.00,NORMAL,EMERGENCY_FALL,EMERGENCY_FALL,낙상 이벤트 확정됨 — 시계의 'I'm OK' 또는 'Emergency SOS' 응답 대기
1779982563.6790993,U1,119,real_fall,0.0215,10.6548,1,102,received,False,0.00,1.00,1.00,NORMAL,EMERGENCY_FALL,EMERGENCY_FALL,낙상 이벤트 확정됨 — 시계의 'I'm OK' 또는 'Emergency SOS' 응답 대기
1779982564.2671518,U1,120,real_fall,0.0564,2.4496,1,102,received,False,0.00,1.00,1.00,NORMAL,EMERGENCY_FALL,EMERGENCY_FALL,낙상 이벤트 확정됨 — 시계의 'I'm OK' 또는 'Emergency SOS' 응답 대기
1779982564.6668017,U1,121,real_fall,0.0710,9.6986,1,103,received,False,0.00,1.00,1.00,NORMAL,EMERGENCY_FALL,EMERGENCY_FALL,낙상 이벤트 확정됨 — 시계의 'I'm OK' 또는 'Emergency SOS' 응답 대기
1779982565.3419344,U1,122,real_fall,0.0219,1.0512,1,103,received,False,0.00,1.00,1.00,NORMAL,EMERGENCY_FALL,EMERGENCY_FALL,낙상 이벤트 확정됨 — 시계의 'I'm OK' 또는 'Emergency SOS' 응답 대기
1779982565.7222705,U1,123,real_fall,0.0641,2.1354,1,104,received,False,0.00,1.00,1.00,NORMAL,EMERGENCY_FALL,EMERGENCY_FALL,낙상 이벤트 확정됨 — 시계의 'I'm OK' 또는 'Emergency SOS' 응답 대기
1779982566.2348137,U1,124,real_fall,0.0476,6.1499,1,104,received,False,0.00,1.00,1.00,NORMAL,EMERGENCY_FALL,EMERGENCY_FALL,낙상 이벤트 확정됨 — 시계의 'I'm OK' 또는 'Emergency SOS' 응답 대기
1779982569.088627,U1,126,real_fall,0.0591,1.9157,1,104,received,False,0.00,1.00,0.90,NORMAL,EMERGENCY_FALL,EMERGENCY_FALL,낙상 이벤트 확정됨 — 시계의 'I'm OK' 또는 'Emergency SOS' 응답 대기
1779982569.462008,U1,127,real_fall,0.0513,8.0974,1,104,received,False,0.00,1.00,0.90,NORMAL,EMERGENCY_FALL,EMERGENCY_FALL,낙상 이벤트 확정됨 — 시계의 'I'm OK' 또는 'Emergency SOS' 응답 대기
1779982569.8879943,U1,128,real_fall,0.0287,11.0189,1,105,received,False,0.00,1.00,0.90,NORMAL,EMERGENCY_FALL,EMERGENCY_FALL,낙상 이벤트 확정됨 — 시계의 'I'm OK' 또는 'Emergency SOS' 응답 대기
1779982570.8232973,U1,130,real_fall,0.0590,2.7064,1,105,received,False,0.00,1.00,0.87,NORMAL,EMERGENCY_FALL,EMERGENCY_FALL,낙상 이벤트 확정됨 — 시계의 'I'm OK' 또는 'Emergency SOS' 응답 대기
1779982571.2318823,U1,131,real_fall,0.0796,4.9256,1,106,received,False,0.00,1.00,0.87,NORMAL,EMERGENCY_FALL,EMERGENCY_FALL,낙상 이벤트 확정됨 — 시계의 'I'm OK' 또는 'Emergency SOS' 응답 대기
1779982571.5961971,U1,132,real_fall,0.0621,1.7037,1,106,received,False,0.00,1.00,0.87,NORMAL,EMERGENCY_FALL,EMERGENCY_FALL,낙상 이벤트 확정됨 — 시계의 'I'm OK' 또는 'Emergency SOS' 응답 대기
1779982572.0321114,U1,133,real_fall,0.0473,11.9650,1,106,received,False,0.00,1.00,0.87,NORMAL,EMERGENCY_FALL,EMERGENCY_FALL,낙상 이벤트 확정됨 — 시계의 'I'm OK' 또는 'Emergency SOS' 응답 대기
1779982572.6952524,U1,134,real_fall,0.0790,1.9838,1,106,received,False,0.00,1.00,0.87,NORMAL,EMERGENCY_FALL,EMERGENCY_FALL,낙상 이벤트 확정됨 — 시계의 'I'm OK' 또는 'Emergency SOS' 응답 대기
1779982573.0934038,U1,135,real_fall,0.0152,2.3448,1,106,received,False,0.00,1.00,0.87,NORMAL,EMERGENCY_FALL,EMERGENCY_FALL,낙상 이벤트 확정됨 — 시계의 'I'm OK' 또는 'Emergency SOS' 응답 대기
1779982574.0923877,U1,137,real_fall,0.0273,10.4713,1,106,received,False,0.00,1.00,0.93,NORMAL,EMERGENCY_FALL,EMERGENCY_FALL,낙상 이벤트 확정됨 — 시계의 'I'm OK' 또는 'Emergency SOS' 응답 대기
1779982574.718077,U1,138,real_fall,0.0415,3.0037,1,107,received,False,0.00,1.00,0.93,NORMAL,EMERGENCY_FALL,EMERGENCY_FALL,낙상 이벤트 확정됨 — 시계의 'I'm OK' 또는 'Emergency SOS' 응답 대기
1779982575.337222,U1,139,real_fall,0.0745,10.7967,1,107,received,False,0.00,1.00,0.93,NORMAL,EMERGENCY_FALL,EMERGENCY_FALL,낙상 이벤트 확정됨 — 시계의 'I'm OK' 또는 'Emergency SOS' 응답 대기
1779982575.953604,U1,140,real_fall,0.0486,9.1557,1,108,received,False,0.00,1.00,0.93,NORMAL,EMERGENCY_FALL,EMERGENCY_FALL,낙상 이벤트 확정됨 — 시계의 'I'm OK' 또는 'Emergency SOS' 응답 대기
1779982576.3574543,U1,141,real_fall,0.0151,5.8419,1,108,received,False,0.00,1.00,0.97,NORMAL,EMERGENCY_FALL,EMERGENCY_FALL,낙상 이벤트 확정됨 — 시계의 'I'm OK' 또는 'Emergency SOS' 응답 대기
1779982576.870746,U1,142,real_fall,0.0716,7.4924,1,108,received,False,0.00,1.00,0.97,NORMAL,EMERGENCY_FALL,EMERGENCY_FALL,낙상 이벤트 확정됨 — 시계의 'I'm OK' 또는 'Emergency SOS' 응답 대기
1779982577.2856164,U1,143,real_fall,0.0535,5.0497,1,108,received,False,0.00,1.00,0.97,NORMAL,EMERGENCY_FALL,EMERGENCY_FALL,낙상 이벤트 확정됨 — 시계의 'I'm OK' 또는 'Emergency SOS' 응답 대기
1779982578.1693916,U1,145,real_fall,0.0173,10.2973,1,108,received,False,0.00,1.00,0.93,NORMAL,EMERGENCY_FALL,EMERGENCY_FALL,낙상 이벤트 확정됨 — 시계의 'I'm OK' 또는 'Emergency SOS' 응답 대기
1779982578.6413429,U1,146,real_fall,0.0463,3.6306,1,108,received,False,0.00,1.00,0.93,NORMAL,EMERGENCY_FALL,EMERGENCY_FALL,낙상 이벤트 확정됨 — 시계의 'I'm OK' 또는 'Emergency SOS' 응답 대기
1779982579.3263524,U1,147,real_fall,0.0691,7.2516,1,108,received,False,0.00,1.00,0.93,NORMAL,EMERGENCY_FALL,EMERGENCY_FALL,낙상 이벤트 확정됨 — 시계의 'I'm OK' 또는 'Emergency SOS' 응답 대기
1779982579.845723,U1,148,real_fall,0.0524,3.6374,1,108,received,False,0.00,1.00,0.97,NORMAL,EMERGENCY_FALL,EMERGENCY_FALL,낙상 이벤트 확정됨 — 시계의 'I'm OK' 또는 'Emergency SOS' 응답 대기
1779982580.5431767,U1,149,real_fall,0.0746,8.6064,1,108,received,False,0.00,1.00,0.97,NORMAL,EMERGENCY_FALL,EMERGENCY_FALL,낙상 이벤트 확정됨 — 시계의 'I'm OK' 또는 'Emergency SOS' 응답 대기
1779982581.076163,U1,150,real_fall,0.0346,10.3040,1,109,received,False,0.00,1.00,0.97,NORMAL,EMERGENCY_FALL,EMERGENCY_FALL,낙상 이벤트 확정됨 — 시계의 'I'm OK' 또는 'Emergency SOS' 응답 대기
1779982581.590481,U1,151,real_fall,0.0772,5.6031,1,108,received,False,0.00,1.00,0.97,NORMAL,EMERGENCY_FALL,EMERGENCY_FALL,낙상 이벤트 확정됨 — 시계의 'I'm OK' 또는 'Emergency SOS' 응답 대기
1779982582.0726116,U1,152,real_fall,0.0469,4.0460,1,108,received,False,0.00,1.00,0.97,NORMAL,EMERGENCY_FALL,EMERGENCY_FALL,낙상 이벤트 확정됨 — 시계의 'I'm OK' 또는 'Emergency SOS' 응답 대기
1779982583.0328753,U1,154,real_fall,0.0736,10.3985,1,108,received,False,0.00,1.00,0.93,NORMAL,EMERGENCY_FALL,EMERGENCY_FALL,낙상 이벤트 확정됨 — 시계의 'I'm OK' 또는 'Emergency SOS' 응답 대기
1779982583.539111,U1,155,real_fall,0.0522,3.1089,1,108,received,False,0.00,1.00,0.93,NORMAL,EMERGENCY_FALL,EMERGENCY_FALL,낙상 이벤트 확정됨 — 시계의 'I'm OK' 또는 'Emergency SOS' 응답 대기
1779982583.9002838,U1,156,real_fall,0.0577,1.8995,1,108,received,False,0.00,1.00,0.97,NORMAL,EMERGENCY_FALL,EMERGENCY_FALL,낙상 이벤트 확정됨 — 시계의 'I'm OK' 또는 'Emergency SOS' 응답 대기
1779982584.3354242,U1,157,real_fall,0.0343,6.5642,1,108,received,False,0.00,1.00,0.97,NORMAL,EMERGENCY_FALL,EMERGENCY_FALL,낙상 이벤트 확정됨 — 시계의 'I'm OK' 또는 'Emergency SOS' 응답 대기
1779982585.0223567,U1,158,real_fall,0.0434,2.0507,1,108,received,False,0.00,1.00,0.97,NORMAL,EMERGENCY_FALL,EMERGENCY_FALL,낙상 이벤트 확정됨 — 시계의 'I'm OK' 또는 'Emergency SOS' 응답 대기
1779982585.4613342,U1,159,real_fall,0.0719,8.3840,1,107,received,False,0.00,1.00,0.97,NORMAL,EMERGENCY_FALL,EMERGENCY_FALL,낙상 이벤트 확정됨 — 시계의 'I'm OK' 또는 'Emergency SOS' 응답 대기
1779982585.868327,U1,160,real_fall,0.0674,2.2788,1,108,received,False,0.00,1.00,0.97,NORMAL,EMERGENCY_FALL,EMERGENCY_FALL,낙상 이벤트 확정됨 — 시계의 'I'm OK' 또는 'Emergency SOS' 응답 대기
1779982586.48207,U1,161,real_fall,0.0696,6.4777,1,108,received,False,0.00,1.00,0.97,NORMAL,EMERGENCY_FALL,EMERGENCY_FALL,낙상 이벤트 확정됨 — 시계의 'I'm OK' 또는 'Emergency SOS' 응답 대기
1779982586.9330685,U1,162,real_fall,0.0653,10.2580,1,108,received,False,0.00,1.00,0.97,NORMAL,EMERGENCY_FALL,EMERGENCY_FALL,낙상 이벤트 확정됨 — 시계의 'I'm OK' 또는 'Emergency SOS' 응답 대기
1779982587.5334833,U1,163,real_fall,0.0590,2.4964,1,108,received,False,0.00,1.00,0.97,NORMAL,EMERGENCY_FALL,EMERGENCY_FALL,낙상 이벤트 확정됨 — 시계의 'I'm OK' 또는 'Emergency SOS' 응답 대기
1779982588.2141376,U1,164,real_fall,0.0406,11.0795,1,108,received,False,0.00,1.00,0.97,NORMAL,EMERGENCY_FALL,EMERGENCY_FALL,낙상 이벤트 확정됨 — 시계의 'I'm OK' 또는 'Emergency SOS' 응답 대기
1779982588.5956469,U1,165,real_fall,0.0330,9.4889,1,109,received,False,0.00,1.00,1.00,NORMAL,EMERGENCY_FALL,EMERGENCY_FALL,낙상 이벤트 확정됨 — 시계의 'I'm OK' 또는 'Emergency SOS' 응답 대기
1779982589.0759878,U1,166,real_fall,0.0422,1.4301,1,109,received,False,0.00,1.00,1.00,NORMAL,EMERGENCY_FALL,EMERGENCY_FALL,낙상 이벤트 확정됨 — 시계의 'I'm OK' 또는 'Emergency SOS' 응답 대기
1779982589.56876,U1,167,real_fall,0.0384,11.1817,1,108,received,False,0.00,1.00,1.00,NORMAL,EMERGENCY_FALL,EMERGENCY_FALL,낙상 이벤트 확정됨 — 시계의 'I'm OK' 또는 'Emergency SOS' 응답 대기
1779982589.9722397,U1,168,real_fall,0.0669,1.3710,1,109,received,False,0.00,1.00,1.00,NORMAL,EMERGENCY_FALL,EMERGENCY_FALL,낙상 이벤트 확정됨 — 시계의 'I'm OK' 또는 'Emergency SOS' 응답 대기
1779982590.4407895,U1,169,real_fall,0.0295,8.9631,1,108,received,False,0.00,1.00,1.00,NORMAL,EMERGENCY_FALL,EMERGENCY_FALL,낙상 이벤트 확정됨 — 시계의 'I'm OK' 또는 'Emergency SOS' 응답 대기
1779982591.0347555,U1,170,real_fall,0.0368,3.5410,1,108,received,False,0.00,1.00,1.00,NORMAL,EMERGENCY_FALL,EMERGENCY_FALL,낙상 이벤트 확정됨 — 시계의 'I'm OK' 또는 'Emergency SOS' 응답 대기
1779982591.694396,U1,171,real_fall,0.0405,6.9392,1,109,received,False,0.00,1.00,1.00,NORMAL,EMERGENCY_FALL,EMERGENCY_FALL,낙상 이벤트 확정됨 — 시계의 'I'm OK' 또는 'Emergency SOS' 응답 대기
1779982593.231387,U1,172,real_fall,0.0142,1.4879,1,108,received,False,0.00,1.00,1.00,NORMAL,EMERGENCY_FALL,EMERGENCY_FALL,낙상 이벤트 확정됨 — 시계의 'I'm OK' 또는 'Emergency SOS' 응답 대기
1779982593.9309664,U1,173,real_fall,0.0598,3.1251,1,108,received,False,0.00,1.00,1.00,NORMAL,NORMAL,,정상 활동 범위
1779982594.4088538,U1,174,real_fall,0.0381,6.5791,1,108,received,False,0.00,1.00,1.00,NORMAL,NORMAL,,정상 활동 범위
1779982594.9783955,U1,175,normal_idle,0.0709,2.8378,1,102,received,False,0.00,1.00,1.00,NORMAL,NORMAL,,정상 활동 범위
1779982595.6056955,U1,176,normal_idle,0.0152,4.6555,1,98,received,False,0.00,1.00,1.00,NORMAL,NORMAL,,정상 활동 범위
1779982596.0168028,U1,177,normal_idle,0.0207,2.7315,1,94,received,False,0.00,1.00,1.00,NORMAL,NORMAL,,정상 활동 범위
1779982596.4113984,U1,178,real_fall,0.4109,56.7768,1,92,received,False,0.00,1.00,1.00,NORMAL,NORMAL,,정상 활동 범위
1779982597.0972424,U1,179,real_fall,0.2810,43.5910,1,90,received,False,0.00,1.00,1.00,NORMAL,NORMAL,,정상 활동 범위
1779982597.7082462,U1,180,real_fall,0.2525,41.8843,1,87,received,False,0.00,1.00,1.00,NORMAL,NORMAL,,정상 활동 범위
1779982598.4875345,U1,182,real_fall,0.1492,16.6400,1,84,received,False,0.00,1.00,0.92,NORMAL,NORMAL,,정상 활동 범위
1779982599.1363542,U1,183,real_fall,0.3796,55.4709,1,82,received,False,0.00,1.00,0.93,NORMAL,NORMAL,,정상 활동 범위
1779982599.8570073,U1,185,real_fall,0.2725,34.0635,1,80,received,False,0.00,1.00,1.00,NORMAL,NORMAL,,정상 활동 범위
1779982600.22769,U1,186,real_fall,0.3059,190.8841,1,80,received,False,0.00,1.00,1.00,NORMAL,NORMAL,,정상 활동 범위
1779982600.811764,U1,187,normal_idle,0.0421,4.3898,1,80,received,False,0.00,1.00,1.00,NORMAL,NORMAL,,정상 활동 범위
1779982601.2221045,U1,188,normal_idle,0.0541,2.1931,1,79,received,False,0.00,1.00,1.00,NORMAL,NORMAL,,정상 활동 범위
1779982602.1339068,U1,190,normal_idle,0.0612,1.8735,1,76,received,False,0.00,1.00,0.93,NORMAL,NORMAL,,정상 활동 범위
1779982602.8196876,U1,191,normal_idle,0.0621,1.1299,1,75,received,False,0.00,1.00,0.94,NORMAL,NORMAL,,정상 활동 범위
1779982604.687904,U1,193,normal_idle,0.0389,4.6820,1,75,received,False,0.00,1.00,0.82,NORMAL,NORMAL,,정상 활동 범위
1779982605.168257,U1,194,normal_idle,0.0480,1.4668,1,75,received,False,0.00,1.00,0.84,NORMAL,NORMAL,,정상 활동 범위
1779982605.793014,U1,195,normal_idle,0.0279,1.3503,1,73,received,False,0.00,1.00,0.85,NORMAL,NORMAL,,정상 활동 범위
1779982606.4760218,U1,196,normal_idle,0.0528,1.8739,1,73,received,False,0.00,1.00,0.87,NORMAL,NORMAL,,정상 활동 범위
1779982607.3604026,U1,198,normal_idle,0.0476,2.8978,1,72,received,False,0.00,1.00,0.83,NORMAL,NORMAL,,정상 활동 범위
1779982608.3783016,U1,201,normal_idle,0.0120,5.6570,1,72,received,False,0.00,1.00,0.80,NORMAL,NORMAL,,정상 활동 범위
1779982608.9748228,U1,202,normal_idle,0.0705,2.8211,1,72,received,False,0.00,1.00,0.80,NORMAL,NORMAL,,정상 활동 범위
1779982609.6331556,U1,203,normal_idle,0.0313,1.6265,1,71,received,False,0.00,1.00,0.80,NORMAL,NORMAL,,정상 활동 범위
1779982610.0632372,U1,204,normal_idle,0.0178,4.1444,1,70,received,False,0.00,1.00,0.90,NORMAL,NORMAL,,정상 활동 범위
1779982610.7479265,U1,205,normal_idle,0.0124,1.6818,1,70,received,False,0.00,1.00,0.90,NORMAL,NORMAL,,정상 활동 범위
1779982611.4071283,U1,206,normal_idle,0.0341,2.9029,1,71,received,False,0.00,1.00,0.90,NORMAL,NORMAL,,정상 활동 범위
1779982612.0408814,U1,207,normal_idle,0.0307,5.7287,1,69,received,False,0.00,1.00,0.90,NORMAL,NORMAL,,정상 활동 범위
1779982612.5242517,U1,208,normal_idle,0.0602,3.7625,1,71,received,False,0.00,1.00,0.90,NORMAL,NORMAL,,정상 활동 범위
1779982612.8837795,U1,209,normal_idle,0.0257,5.6001,1,70,received,False,0.00,1.00,0.93,NORMAL,NORMAL,,정상 활동 범위
1779982613.3457289,U1,210,normal_idle,0.0781,3.6252,1,70,received,False,0.00,1.00,0.93,NORMAL,NORMAL,,정상 활동 범위
1779982613.7371845,U1,211,normal_idle,0.0698,2.1432,1,69,received,False,0.00,1.00,1.00,NORMAL,NORMAL,,정상 활동 범위
1779982614.4088545,U1,212,watch_thrown,0.3703,54.4232,1,68,received,False,0.00,1.00,1.00,NORMAL,NORMAL,,정상 활동 범위
1779982615.4680104,U1,215,watch_thrown,0.4159,56.0952,1,69,received,False,0.00,1.00,0.84,NORMAL,NORMAL,,정상 활동 범위
1779982615.9899511,U1,216,watch_thrown,0.1124,18.0699,1,70,received,False,0.00,1.00,0.87,NORMAL,NORMAL,,정상 활동 범위
1779982616.456669,U1,217,watch_thrown,0.3575,49.4347,1,71,received,False,0.00,1.00,0.89,NORMAL,NORMAL,,정상 활동 범위
1779982616.9732249,U1,218,watch_thrown,0.2881,30.7087,0,,received,False,0.00,0.00,0.90,DEVICE_REMOVED,DEVICE_REMOVED,,"피부 접촉·심박 신호 없음, 움직임 정상 → 기기 탈착"
1779982618.3675478,U1,219,watch_thrown,4.5961,825.2666,0,,received,False,0.55,0.00,0.91,DEVICE_THROWN_OR_DROPPED,DEVICE_THROWN_OR_DROPPED,DEVICE_THROWN_OR_DROPPED,"가속도 4.6g 충격, skin_contact=0·심박 없음 → 기기 투척/탈락 판정"
1779982619.0534806,U1,221,watch_thrown,0.0391,4.6407,0,,received,False,0.55,0.00,0.89,DEVICE_THROWN_OR_DROPPED,DEVICE_THROWN_OR_DROPPED,DEVICE_THROWN_OR_DROPPED,"가속도 4.6g 충격, skin_contact=0·심박 없음 → 기기 투척/탈락 판정"
1779982619.9977186,U1,223,watch_thrown,0.0479,0.8207,0,,received,False,1.00,0.00,0.87,DEVICE_THROWN_OR_DROPPED,DEVICE_THROWN_OR_DROPPED,DEVICE_THROWN_OR_DROPPED,"가속도 4.6g 충격, skin_contact=0·심박 없음 → 기기 투척/탈락 판정"
1779982620.8948507,U1,225,watch_thrown,0.0178,0.5167,0,,received,False,1.00,0.00,0.87,DEVICE_THROWN_OR_DROPPED,DEVICE_THROWN_OR_DROPPED,DEVICE_THROWN_OR_DROPPED,"가속도 4.6g 충격, skin_contact=0·심박 없음 → 기기 투척/탈락 판정"
1779982621.4293845,U1,226,watch_thrown,0.0254,1.2358,0,,received,False,1.00,0.00,0.90,DEVICE_THROWN_OR_DROPPED,DEVICE_THROWN_OR_DROPPED,DEVICE_THROWN_OR_DROPPED,"가속도 4.6g 충격, skin_contact=0·심박 없음 → 기기 투척/탈락 판정"
1779982623.5329146,U1,229,watch_thrown,0.0067,1.9181,0,,received,False,1.00,0.00,0.70,DEVICE_THROWN_OR_DROPPED,DEVICE_THROWN_OR_DROPPED,DEVICE_THROWN_OR_DROPPED,"가속도 4.6g 충격, skin_contact=0·심박 없음 → 기기 투척/탈락 판정"
1779982624.0009782,U1,230,watch_thrown,0.0104,1.6016,0,,received,False,1.00,0.00,0.70,DEVICE_THROWN_OR_DROPPED,DEVICE_THROWN_OR_DROPPED,DEVICE_THROWN_OR_DROPPED,"가속도 4.6g 충격, skin_contact=0·심박 없음 → 기기 투척/탈락 판정"
1779982624.3666492,U1,231,watch_thrown,0.0356,3.8796,0,,received,False,0.00,0.00,0.70,DEVICE_REMOVED,DEVICE_THROWN_OR_DROPPED,DEVICE_THROWN_OR_DROPPED,기기 투척 이벤트 확정됨 — 리셋 또는 시나리오 변경 전까지 유지
1779982625.0125613,U1,232,watch_thrown,0.0341,1.0915,0,,received,False,0.00,0.00,0.73,DEVICE_REMOVED,DEVICE_THROWN_OR_DROPPED,DEVICE_THROWN_OR_DROPPED,기기 투척 이벤트 확정됨 — 리셋 또는 시나리오 변경 전까지 유지
1779982625.486121,U1,233,watch_thrown,0.0037,3.0720,0,,received,False,0.00,0.00,0.73,DEVICE_REMOVED,DEVICE_THROWN_OR_DROPPED,DEVICE_THROWN_OR_DROPPED,기기 투척 이벤트 확정됨 — 리셋 또는 시나리오 변경 전까지 유지
1779982626.1065311,U1,234,watch_thrown,0.0275,0.6488,0,,received,False,0.00,0.00,0.77,DEVICE_REMOVED,DEVICE_THROWN_OR_DROPPED,DEVICE_THROWN_OR_DROPPED,기기 투척 이벤트 확정됨 — 리셋 또는 시나리오 변경 전까지 유지
1779982626.5067084,U1,235,watch_thrown,0.0423,0.6550,0,,received,False,0.00,0.00,0.77,DEVICE_REMOVED,DEVICE_THROWN_OR_DROPPED,DEVICE_THROWN_OR_DROPPED,기기 투척 이벤트 확정됨 — 리셋 또는 시나리오 변경 전까지 유지
1779982628.448507,U1,237,watch_thrown,0.0129,1.0645,0,,received,False,0.00,0.00,0.70,DEVICE_REMOVED,DEVICE_THROWN_OR_DROPPED,DEVICE_THROWN_OR_DROPPED,기기 투척 이벤트 확정됨 — 리셋 또는 시나리오 변경 전까지 유지
1779982629.0980334,U1,238,watch_thrown,0.0425,4.5096,0,,received,False,0.00,0.00,0.70,DEVICE_REMOVED,DEVICE_THROWN_OR_DROPPED,DEVICE_THROWN_OR_DROPPED,기기 투척 이벤트 확정됨 — 리셋 또는 시나리오 변경 전까지 유지
1779982630.0175242,U1,240,watch_thrown,0.0076,2.0226,0,,received,False,0.00,0.00,0.87,DEVICE_REMOVED,DEVICE_THROWN_OR_DROPPED,DEVICE_THROWN_OR_DROPPED,기기 투척 이벤트 확정됨 — 리셋 또는 시나리오 변경 전까지 유지
1779982630.3987553,U1,241,watch_thrown,0.0362,0.8706,0,,received,False,0.00,0.00,0.87,DEVICE_REMOVED,DEVICE_THROWN_OR_DROPPED,DEVICE_THROWN_OR_DROPPED,기기 투척 이벤트 확정됨 — 리셋 또는 시나리오 변경 전까지 유지
1779982631.068481,U1,242,watch_thrown,0.0150,0.6886,0,,received,False,0.00,0.00,0.87,DEVICE_REMOVED,DEVICE_THROWN_OR_DROPPED,DEVICE_THROWN_OR_DROPPED,기기 투척 이벤트 확정됨 — 리셋 또는 시나리오 변경 전까지 유지
1779982631.7229412,U1,243,watch_thrown,0.0162,3.0420,0,,received,False,0.00,0.00,0.87,DEVICE_REMOVED,DEVICE_THROWN_OR_DROPPED,DEVICE_THROWN_OR_DROPPED,기기 투척 이벤트 확정됨 — 리셋 또는 시나리오 변경 전까지 유지
1779982632.6557999,U1,245,watch_thrown,0.0191,2.1058,0,,received,False,0.00,0.00,0.83,DEVICE_REMOVED,DEVICE_THROWN_OR_DROPPED,DEVICE_THROWN_OR_DROPPED,기기 투척 이벤트 확정됨 — 리셋 또는 시나리오 변경 전까지 유지
1779982633.191067,U1,246,watch_thrown,0.0060,4.1484,0,,received,False,0.00,0.00,0.83,DEVICE_REMOVED,DEVICE_THROWN_OR_DROPPED,DEVICE_THROWN_OR_DROPPED,기기 투척 이벤트 확정됨 — 리셋 또는 시나리오 변경 전까지 유지
1779982633.7519104,U1,247,watch_thrown,0.0197,3.9467,0,,received,False,0.00,0.00,0.83,DEVICE_REMOVED,DEVICE_THROWN_OR_DROPPED,DEVICE_THROWN_OR_DROPPED,기기 투척 이벤트 확정됨 — 리셋 또는 시나리오 변경 전까지 유지
1779982634.407951,U1,248,watch_thrown,0.0300,0.8528,0,,received,False,0.00,0.00,0.93,DEVICE_REMOVED,DEVICE_THROWN_OR_DROPPED,DEVICE_THROWN_OR_DROPPED,기기 투척 이벤트 확정됨 — 리셋 또는 시나리오 변경 전까지 유지
1779982635.2894742,U1,250,watch_thrown,0.0185,3.6804,0,,received,False,0.00,0.00,0.90,DEVICE_REMOVED,DEVICE_THROWN_OR_DROPPED,DEVICE_THROWN_OR_DROPPED,기기 투척 이벤트 확정됨 — 리셋 또는 시나리오 변경 전까지 유지
1779982635.9547718,U1,251,watch_thrown,0.0157,1.2549,0,,received,False,0.00,0.00,0.93,DEVICE_REMOVED,DEVICE_THROWN_OR_DROPPED,DEVICE_THROWN_OR_DROPPED,기기 투척 이벤트 확정됨 — 리셋 또는 시나리오 변경 전까지 유지
1779982636.4003758,U1,252,watch_thrown,0.0301,2.0760,0,,received,False,0.00,0.00,0.93,DEVICE_REMOVED,DEVICE_THROWN_OR_DROPPED,DEVICE_THROWN_OR_DROPPED,기기 투척 이벤트 확정됨 — 리셋 또는 시나리오 변경 전까지 유지
1779982637.3477087,U1,254,watch_thrown,0.0064,1.8577,0,,received,False,0.00,0.00,0.90,DEVICE_REMOVED,DEVICE_THROWN_OR_DROPPED,DEVICE_THROWN_OR_DROPPED,기기 투척 이벤트 확정됨 — 리셋 또는 시나리오 변경 전까지 유지
1779982637.9757776,U1,255,watch_thrown,0.0276,2.3815,0,,received,False,0.00,0.00,0.90,DEVICE_REMOVED,DEVICE_THROWN_OR_DROPPED,DEVICE_THROWN_OR_DROPPED,기기 투척 이벤트 확정됨 — 리셋 또는 시나리오 변경 전까지 유지
1779982638.7478952,U1,257,watch_thrown,0.0112,4.6950,0,,received,False,0.00,0.00,0.90,DEVICE_REMOVED,DEVICE_THROWN_OR_DROPPED,DEVICE_THROWN_OR_DROPPED,기기 투척 이벤트 확정됨 — 리셋 또는 시나리오 변경 전까지 유지
1779982639.4113474,U1,258,watch_thrown,0.0428,3.4842,0,,received,False,0.00,0.00,0.90,DEVICE_REMOVED,DEVICE_THROWN_OR_DROPPED,DEVICE_THROWN_OR_DROPPED,기기 투척 이벤트 확정됨 — 리셋 또는 시나리오 변경 전까지 유지
1779982640.0950863,U1,259,watch_thrown,0.0037,3.4573,0,,received,False,0.00,0.00,0.90,DEVICE_REMOVED,DEVICE_THROWN_OR_DROPPED,DEVICE_THROWN_OR_DROPPED,기기 투척 이벤트 확정됨 — 리셋 또는 시나리오 변경 전까지 유지
1779982640.5507653,U1,260,watch_thrown,0.0381,3.0249,0,,received,False,0.00,0.00,0.90,DEVICE_REMOVED,DEVICE_THROWN_OR_DROPPED,DEVICE_THROWN_OR_DROPPED,기기 투척 이벤트 확정됨 — 리셋 또는 시나리오 변경 전까지 유지
1779982640.9601042,U1,261,watch_thrown,0.0370,2.9063,0,,received,False,0.00,0.00,0.93,DEVICE_REMOVED,DEVICE_THROWN_OR_DROPPED,DEVICE_THROWN_OR_DROPPED,기기 투척 이벤트 확정됨 — 리셋 또는 시나리오 변경 전까지 유지
1779982641.636285,U1,262,watch_thrown,0.0006,4.2771,0,,received,False,0.00,0.00,0.93,DEVICE_REMOVED,DEVICE_THROWN_OR_DROPPED,DEVICE_THROWN_OR_DROPPED,기기 투척 이벤트 확정됨 — 리셋 또는 시나리오 변경 전까지 유지
1779982642.5747442,U1,264,watch_thrown,0.0067,4.6591,0,,received,False,0.00,0.00,0.90,DEVICE_REMOVED,DEVICE_THROWN_OR_DROPPED,DEVICE_THROWN_OR_DROPPED,기기 투척 이벤트 확정됨 — 리셋 또는 시나리오 변경 전까지 유지
1779982643.0146964,U1,265,watch_thrown,0.0260,4.2576,0,,received,False,0.00,0.00,0.93,DEVICE_REMOVED,DEVICE_THROWN_OR_DROPPED,DEVICE_THROWN_OR_DROPPED,기기 투척 이벤트 확정됨 — 리셋 또는 시나리오 변경 전까지 유지
1779982643.5034366,U1,266,watch_thrown,0.0079,4.1820,0,,received,False,0.00,0.00,0.93,DEVICE_REMOVED,DEVICE_THROWN_OR_DROPPED,DEVICE_THROWN_OR_DROPPED,기기 투척 이벤트 확정됨 — 리셋 또는 시나리오 변경 전까지 유지
1779982644.0365467,U1,267,watch_thrown,0.0249,1.5749,0,,received,False,0.00,0.00,0.93,DEVICE_REMOVED,DEVICE_THROWN_OR_DROPPED,DEVICE_THROWN_OR_DROPPED,기기 투척 이벤트 확정됨 — 리셋 또는 시나리오 변경 전까지 유지
1779982644.4509923,U1,268,watch_thrown,0.0105,3.0139,0,,received,False,0.00,0.00,0.97,DEVICE_REMOVED,DEVICE_THROWN_OR_DROPPED,DEVICE_THROWN_OR_DROPPED,기기 투척 이벤트 확정됨 — 리셋 또는 시나리오 변경 전까지 유지
1779982645.0345795,U1,269,watch_thrown,0.0344,4.0792,0,,received,False,0.00,0.00,0.97,DEVICE_REMOVED,DEVICE_THROWN_OR_DROPPED,DEVICE_THROWN_OR_DROPPED,기기 투척 이벤트 확정됨 — 리셋 또는 시나리오 변경 전까지 유지
1779982645.490803,U1,270,watch_thrown,0.0254,0.1288,0,,received,False,0.00,0.00,0.97,DEVICE_REMOVED,DEVICE_THROWN_OR_DROPPED,DEVICE_THROWN_OR_DROPPED,기기 투척 이벤트 확정됨 — 리셋 또는 시나리오 변경 전까지 유지
1779982646.1609523,U1,271,watch_thrown,0.0459,1.6727,0,,received,False,0.00,0.00,0.97,DEVICE_REMOVED,DEVICE_THROWN_OR_DROPPED,DEVICE_THROWN_OR_DROPPED,기기 투척 이벤트 확정됨 — 리셋 또는 시나리오 변경 전까지 유지
1779982647.0267403,U1,273,watch_thrown,0.0476,4.7154,0,,received,False,0.00,0.00,0.93,DEVICE_REMOVED,DEVICE_THROWN_OR_DROPPED,DEVICE_THROWN_OR_DROPPED,기기 투척 이벤트 확정됨 — 리셋 또는 시나리오 변경 전까지 유지
1779982647.4362478,U1,274,watch_thrown,0.0023,2.2268,0,,received,False,0.00,0.00,0.93,DEVICE_REMOVED,DEVICE_THROWN_OR_DROPPED,DEVICE_THROWN_OR_DROPPED,기기 투척 이벤트 확정됨 — 리셋 또는 시나리오 변경 전까지 유지
1779982648.1347702,U1,275,watch_thrown,0.0420,3.1830,0,,received,False,0.00,0.00,0.97,DEVICE_REMOVED,DEVICE_THROWN_OR_DROPPED,DEVICE_THROWN_OR_DROPPED,기기 투척 이벤트 확정됨 — 리셋 또는 시나리오 변경 전까지 유지
1779982648.5231347,U1,276,watch_thrown,0.0012,3.6365,0,,received,False,0.00,0.00,0.97,DEVICE_REMOVED,DEVICE_THROWN_OR_DROPPED,DEVICE_THROWN_OR_DROPPED,기기 투척 이벤트 확정됨 — 리셋 또는 시나리오 변경 전까지 유지
1779982650.9143658,U1,277,watch_thrown,0.0447,4.8617,0,,received,False,0.00,0.00,0.97,DEVICE_REMOVED,DEVICE_THROWN_OR_DROPPED,DEVICE_THROWN_OR_DROPPED,기기 투척 이벤트 확정됨 — 리셋 또는 시나리오 변경 전까지 유지
1779982651.5708055,U1,278,watch_thrown,0.0060,3.8874,0,,received,False,0.00,0.00,0.97,DEVICE_REMOVED,DEVICE_THROWN_OR_DROPPED,DEVICE_THROWN_OR_DROPPED,기기 투척 이벤트 확정됨 — 리셋 또는 시나리오 변경 전까지 유지
1779982652.052796,U1,279,watch_thrown,0.0205,3.2244,0,,received,False,0.00,0.00,0.97,DEVICE_REMOVED,DEVICE_THROWN_OR_DROPPED,DEVICE_THROWN_OR_DROPPED,기기 투척 이벤트 확정됨 — 리셋 또는 시나리오 변경 전까지 유지
1779982652.694602,U1,280,watch_thrown,0.0221,2.0419,0,,received,False,0.00,0.00,0.97,DEVICE_REMOVED,DEVICE_THROWN_OR_DROPPED,DEVICE_THROWN_OR_DROPPED,기기 투척 이벤트 확정됨 — 리셋 또는 시나리오 변경 전까지 유지
1779982653.1205084,U1,281,watch_thrown,0.0304,2.4976,0,,received,False,0.00,0.00,0.97,DEVICE_REMOVED,DEVICE_THROWN_OR_DROPPED,DEVICE_THROWN_OR_DROPPED,기기 투척 이벤트 확정됨 — 리셋 또는 시나리오 변경 전까지 유지
1779982653.6901395,U1,282,watch_thrown,0.0193,4.2661,0,,received,False,0.00,0.00,0.97,DEVICE_REMOVED,DEVICE_THROWN_OR_DROPPED,DEVICE_THROWN_OR_DROPPED,기기 투척 이벤트 확정됨 — 리셋 또는 시나리오 변경 전까지 유지
1779982654.2177722,U1,283,watch_thrown,0.0347,0.9841,0,,received,False,0.00,0.00,0.97,DEVICE_REMOVED,DEVICE_THROWN_OR_DROPPED,DEVICE_THROWN_OR_DROPPED,기기 투척 이벤트 확정됨 — 리셋 또는 시나리오 변경 전까지 유지
1779982655.118696,U1,285,watch_thrown,0.0299,1.9174,0,,received,False,0.00,0.00,0.97,DEVICE_REMOVED,DEVICE_THROWN_OR_DROPPED,DEVICE_THROWN_OR_DROPPED,기기 투척 이벤트 확정됨 — 리셋 또는 시나리오 변경 전까지 유지
1779982655.478914,U1,286,watch_thrown,0.0399,1.8731,0,,received,False,0.00,0.00,0.97,DEVICE_REMOVED,DEVICE_THROWN_OR_DROPPED,DEVICE_THROWN_OR_DROPPED,기기 투척 이벤트 확정됨 — 리셋 또는 시나리오 변경 전까지 유지
1779982657.2941427,U1,288,watch_removed,0.0285,1.3570,0,,received,False,0.00,0.00,1.00,DEVICE_REMOVED,DEVICE_REMOVED,,"피부 접촉·심박 신호 없음, 움직임 정상 → 기기 탈착"
1779982657.6552348,U1,289,watch_removed,0.0226,0.6459,0,,received,False,0.00,0.00,1.00,DEVICE_REMOVED,DEVICE_REMOVED,,"피부 접촉·심박 신호 없음, 움직임 정상 → 기기 탈착"
1779982658.1456578,U1,290,watch_removed,0.0352,1.2012,0,,received,False,0.00,0.00,1.00,DEVICE_REMOVED,DEVICE_REMOVED,,"피부 접촉·심박 신호 없음, 움직임 정상 → 기기 탈착"
1779982658.867915,U1,292,watch_removed,0.0279,1.4079,0,,received,False,0.00,0.00,0.92,DEVICE_REMOVED,DEVICE_REMOVED,,"피부 접촉·심박 신호 없음, 움직임 정상 → 기기 탈착"
1779982659.2432518,U1,293,watch_removed,0.0128,0.8104,0,,received,False,0.00,0.00,0.93,DEVICE_REMOVED,DEVICE_REMOVED,,"피부 접촉·심박 신호 없음, 움직임 정상 → 기기 탈착"
1779982659.6741693,U1,294,watch_removed,0.0320,0.8591,0,,received,False,0.00,0.00,0.94,DEVICE_REMOVED,DEVICE_REMOVED,,"피부 접촉·심박 신호 없음, 움직임 정상 → 기기 탈착"
1779982660.1639023,U1,295,watch_removed,0.0092,0.0021,0,,received,False,0.00,0.00,0.95,DEVICE_REMOVED,DEVICE_REMOVED,,"피부 접촉·심박 신호 없음, 움직임 정상 → 기기 탈착"
1779982660.8838687,U1,297,watch_removed,0.0056,0.8294,0,,received,False,0.00,0.00,0.92,DEVICE_REMOVED,DEVICE_REMOVED,,"피부 접촉·심박 신호 없음, 움직임 정상 → 기기 탈착"
1779982661.4425159,U1,298,watch_removed,0.0265,0.8883,0,,received,False,0.00,0.00,0.93,DEVICE_REMOVED,DEVICE_REMOVED,,"피부 접촉·심박 신호 없음, 움직임 정상 → 기기 탈착"
1779982662.0106359,U1,299,watch_removed,0.0106,1.4925,0,,received,False,0.00,0.00,0.93,DEVICE_REMOVED,DEVICE_REMOVED,,"피부 접촉·심박 신호 없음, 움직임 정상 → 기기 탈착"
1779982662.3928337,U1,300,watch_removed,0.0351,1.8557,0,,received,False,0.00,0.00,0.93,DEVICE_REMOVED,DEVICE_REMOVED,,"피부 접촉·심박 신호 없음, 움직임 정상 → 기기 탈착"
1779982662.977548,U1,301,watch_removed,0.0298,0.9719,0,,received,False,0.00,0.00,0.93,DEVICE_REMOVED,DEVICE_REMOVED,,"피부 접촉·심박 신호 없음, 움직임 정상 → 기기 탈착"
1779982663.616735,U1,302,watch_removed,0.0333,0.9227,0,,received,False,0.00,0.00,0.93,DEVICE_REMOVED,DEVICE_REMOVED,,"피부 접촉·심박 신호 없음, 움직임 정상 → 기기 탈착"
1779982664.119204,U1,303,watch_removed,0.0104,0.1737,0,,received,False,0.00,0.00,0.97,DEVICE_REMOVED,DEVICE_REMOVED,,"피부 접촉·심박 신호 없음, 움직임 정상 → 기기 탈착"
1779982664.7536707,U1,304,watch_removed,0.0312,0.8151,0,,received,False,0.00,0.00,0.97,DEVICE_REMOVED,DEVICE_REMOVED,,"피부 접촉·심박 신호 없음, 움직임 정상 → 기기 탈착"
1779982665.2609901,U1,305,watch_removed,0.0023,1.2397,0,,received,False,0.00,0.00,0.97,DEVICE_REMOVED,DEVICE_REMOVED,,"피부 접촉·심박 신호 없음, 움직임 정상 → 기기 탈착"
1779982665.6533992,U1,306,watch_removed,0.0002,1.2386,0,,received,False,0.00,0.00,0.97,DEVICE_REMOVED,DEVICE_REMOVED,,"피부 접촉·심박 신호 없음, 움직임 정상 → 기기 탈착"
1779982666.21457,U1,307,watch_removed,0.0308,1.2951,0,,received,False,0.00,0.00,0.97,DEVICE_REMOVED,DEVICE_REMOVED,,"피부 접촉·심박 신호 없음, 움직임 정상 → 기기 탈착"
1779982667.1679442,U1,309,watch_removed,0.0190,1.7200,0,,received,False,0.00,0.00,0.97,DEVICE_REMOVED,DEVICE_REMOVED,,"피부 접촉·심박 신호 없음, 움직임 정상 → 기기 탈착"
1779982667.5445828,U1,310,watch_removed,0.0394,1.8068,0,,received,False,0.00,0.00,0.97,DEVICE_REMOVED,DEVICE_REMOVED,,"피부 접촉·심박 신호 없음, 움직임 정상 → 기기 탈착"
1779982667.911722,U1,311,watch_removed,0.0092,1.7694,0,,received,False,0.00,0.00,0.97,DEVICE_REMOVED,DEVICE_REMOVED,,"피부 접촉·심박 신호 없음, 움직임 정상 → 기기 탈착"
1779982668.2968946,U1,312,watch_removed,0.0191,1.6199,0,,received,False,0.00,0.00,1.00,DEVICE_REMOVED,DEVICE_REMOVED,,"피부 접촉·심박 신호 없음, 움직임 정상 → 기기 탈착"
1779982668.9707062,U1,313,watch_thrown,0.3833,54.2126,1,71,received,False,0.00,1.00,1.00,NORMAL,NORMAL,,정상 활동 범위
1779982669.6537066,U1,314,watch_thrown,0.2814,38.7202,1,71,received,False,0.00,1.00,1.00,NORMAL,NORMAL,,정상 활동 범위
1779982670.0445216,U1,315,watch_thrown,0.2752,36.8566,1,71,received,False,0.00,1.00,1.00,NORMAL,NORMAL,,정상 활동 범위
1779982670.443438,U1,316,watch_thrown,0.4160,52.1025,1,72,received,False,0.00,1.00,1.00,NORMAL,NORMAL,,정상 활동 범위
1779982671.0527897,U1,317,watch_thrown,0.1314,21.4385,1,72,received,False,0.00,1.00,1.00,NORMAL,NORMAL,,정상 활동 범위
1779982671.6940012,U1,318,watch_thrown,0.3831,49.8203,1,71,received,False,0.00,1.00,1.00,NORMAL,NORMAL,,정상 활동 범위
1779982672.3828583,U1,320,watch_thrown,3.7144,591.2866,0,,received,False,0.55,0.00,0.96,DEVICE_THROWN_OR_DROPPED,DEVICE_THROWN_OR_DROPPED,DEVICE_THROWN_OR_DROPPED,"가속도 3.7g 충격, skin_contact=0·심박 없음 → 기기 투척/탈락 판정"
1779982673.0849912,U1,321,watch_thrown,2.8096,534.8866,0,,received,False,0.55,0.00,0.96,DEVICE_THROWN_OR_DROPPED,DEVICE_THROWN_OR_DROPPED,DEVICE_THROWN_OR_DROPPED,"가속도 3.7g 충격, skin_contact=0·심박 없음 → 기기 투척/탈락 판정"
1779982673.619524,U1,322,watch_thrown,0.0167,4.6969,0,,received,False,0.55,0.00,0.96,DEVICE_THROWN_OR_DROPPED,DEVICE_THROWN_OR_DROPPED,DEVICE_THROWN_OR_DROPPED,"가속도 3.7g 충격, skin_contact=0·심박 없음 → 기기 투척/탈락 판정"
1779982674.1071928,U1,323,watch_thrown,0.0336,3.0147,0,,received,False,1.00,0.00,0.97,DEVICE_THROWN_OR_DROPPED,DEVICE_THROWN_OR_DROPPED,DEVICE_THROWN_OR_DROPPED,"가속도 3.7g 충격, skin_contact=0·심박 없음 → 기기 투척/탈락 판정"
1779982674.6935892,U1,324,watch_thrown,0.0243,3.4409,0,,received,False,1.00,0.00,0.97,DEVICE_THROWN_OR_DROPPED,DEVICE_THROWN_OR_DROPPED,DEVICE_THROWN_OR_DROPPED,"가속도 3.7g 충격, skin_contact=0·심박 없음 → 기기 투척/탈락 판정"
1779982675.2913458,U1,325,watch_thrown,0.0110,4.1219,0,,received,False,1.00,0.00,0.97,DEVICE_THROWN_OR_DROPPED,DEVICE_THROWN_OR_DROPPED,DEVICE_THROWN_OR_DROPPED,"가속도 3.7g 충격, skin_contact=0·심박 없음 → 기기 투척/탈락 판정"
1779982675.7858634,U1,326,watch_thrown,0.0398,2.4480,0,,received,False,1.00,0.00,0.97,DEVICE_THROWN_OR_DROPPED,DEVICE_THROWN_OR_DROPPED,DEVICE_THROWN_OR_DROPPED,"가속도 3.7g 충격, skin_contact=0·심박 없음 → 기기 투척/탈락 판정"
1779982676.2717607,U1,327,watch_thrown,0.0164,4.2507,0,,received,False,1.00,0.00,0.97,DEVICE_THROWN_OR_DROPPED,DEVICE_THROWN_OR_DROPPED,DEVICE_THROWN_OR_DROPPED,"가속도 3.7g 충격, skin_contact=0·심박 없음 → 기기 투척/탈락 판정"
1779982676.6869252,U1,328,watch_thrown,0.0067,4.2858,0,,received,False,1.00,0.00,0.97,DEVICE_THROWN_OR_DROPPED,DEVICE_THROWN_OR_DROPPED,DEVICE_THROWN_OR_DROPPED,"가속도 3.7g 충격, skin_contact=0·심박 없음 → 기기 투척/탈락 판정"
1779982677.2404346,U1,329,watch_thrown,0.0032,3.1311,0,,received,False,1.00,0.00,0.97,DEVICE_THROWN_OR_DROPPED,DEVICE_THROWN_OR_DROPPED,DEVICE_THROWN_OR_DROPPED,"가속도 3.7g 충격, skin_contact=0·심박 없음 → 기기 투척/탈락 판정"
1779982677.9011216,U1,330,watch_thrown,0.0083,3.4218,0,,received,False,1.00,0.00,0.97,DEVICE_THROWN_OR_DROPPED,DEVICE_THROWN_OR_DROPPED,DEVICE_THROWN_OR_DROPPED,"가속도 3.7g 충격, skin_contact=0·심박 없음 → 기기 투척/탈락 판정"
1779982678.261071,U1,331,watch_thrown,0.0302,3.4195,0,,received,False,1.00,0.00,1.00,DEVICE_THROWN_OR_DROPPED,DEVICE_THROWN_OR_DROPPED,DEVICE_THROWN_OR_DROPPED,"가속도 3.7g 충격, skin_contact=0·심박 없음 → 기기 투척/탈락 판정"
1779982678.861721,U1,332,watch_thrown,0.0386,2.4154,0,,received,False,1.00,0.00,1.00,DEVICE_THROWN_OR_DROPPED,DEVICE_THROWN_OR_DROPPED,DEVICE_THROWN_OR_DROPPED,"가속도 2.8g 충격, skin_contact=0·심박 없음 → 기기 투척/탈락 판정"
1779982679.4474459,U1,333,watch_thrown,0.0182,0.3904,0,,received,False,0.00,0.00,1.00,DEVICE_REMOVED,DEVICE_THROWN_OR_DROPPED,DEVICE_THROWN_OR_DROPPED,기기 투척 이벤트 확정됨 — 리셋 또는 시나리오 변경 전까지 유지
1779982679.8812823,U1,334,watch_thrown,0.0475,1.4789,0,,received,False,0.00,0.00,1.00,DEVICE_REMOVED,DEVICE_THROWN_OR_DROPPED,DEVICE_THROWN_OR_DROPPED,기기 투척 이벤트 확정됨 — 리셋 또는 시나리오 변경 전까지 유지
1779982680.271314,U1,335,watch_thrown,0.0256,3.7832,0,,received,False,0.00,0.00,1.00,DEVICE_REMOVED,DEVICE_THROWN_OR_DROPPED,DEVICE_THROWN_OR_DROPPED,기기 투척 이벤트 확정됨 — 리셋 또는 시나리오 변경 전까지 유지
1779982680.842885,U1,336,watch_thrown,0.0388,2.2865,0,,received,False,0.00,0.00,1.00,DEVICE_REMOVED,DEVICE_THROWN_OR_DROPPED,DEVICE_THROWN_OR_DROPPED,기기 투척 이벤트 확정됨 — 리셋 또는 시나리오 변경 전까지 유지
1779982681.5146754,U1,337,watch_thrown,0.0404,3.7333,0,,received,False,0.00,0.00,1.00,DEVICE_REMOVED,DEVICE_THROWN_OR_DROPPED,DEVICE_THROWN_OR_DROPPED,기기 투척 이벤트 확정됨 — 리셋 또는 시나리오 변경 전까지 유지
1779982681.921963,U1,338,watch_thrown,0.0149,4.0583,0,,received,False,0.00,0.00,1.00,DEVICE_REMOVED,DEVICE_THROWN_OR_DROPPED,DEVICE_THROWN_OR_DROPPED,기기 투척 이벤트 확정됨 — 리셋 또는 시나리오 변경 전까지 유지
1779982682.812025,U1,340,watch_thrown,0.0148,3.5616,0,,received,False,0.00,0.00,0.97,DEVICE_REMOVED,DEVICE_THROWN_OR_DROPPED,DEVICE_THROWN_OR_DROPPED,기기 투척 이벤트 확정됨 — 리셋 또는 시나리오 변경 전까지 유지
1779982683.3047354,U1,341,watch_thrown,0.0347,2.6266,0,,received,False,0.00,0.00,0.97,DEVICE_REMOVED,DEVICE_THROWN_OR_DROPPED,DEVICE_THROWN_OR_DROPPED,기기 투척 이벤트 확정됨 — 리셋 또는 시나리오 변경 전까지 유지
1779982683.6686168,U1,342,watch_thrown,0.0088,1.3537,0,,received,False,0.00,0.00,0.97,DEVICE_REMOVED,DEVICE_THROWN_OR_DROPPED,DEVICE_THROWN_OR_DROPPED,기기 투척 이벤트 확정됨 — 리셋 또는 시나리오 변경 전까지 유지
1779982684.0369797,U1,343,watch_thrown,0.0140,2.6969,0,,received,False,0.00,0.00,0.97,DEVICE_REMOVED,DEVICE_THROWN_OR_DROPPED,DEVICE_THROWN_OR_DROPPED,기기 투척 이벤트 확정됨 — 리셋 또는 시나리오 변경 전까지 유지
1779982684.731801,U1,345,watch_thrown,0.0191,1.3082,0,,received,False,0.00,0.00,0.93,DEVICE_REMOVED,DEVICE_THROWN_OR_DROPPED,DEVICE_THROWN_OR_DROPPED,기기 투척 이벤트 확정됨 — 리셋 또는 시나리오 변경 전까지 유지
1779982685.1432579,U1,346,watch_thrown,0.0126,2.7339,0,,received,False,0.00,0.00,0.93,DEVICE_REMOVED,DEVICE_THROWN_OR_DROPPED,DEVICE_THROWN_OR_DROPPED,기기 투척 이벤트 확정됨 — 리셋 또는 시나리오 변경 전까지 유지
1779982686.6056685,U1,347,watch_thrown,0.0468,0.0973,0,,received,False,0.00,0.00,0.93,DEVICE_REMOVED,DEVICE_THROWN_OR_DROPPED,DEVICE_THROWN_OR_DROPPED,기기 투척 이벤트 확정됨 — 리셋 또는 시나리오 변경 전까지 유지
1779982687.1515713,U1,348,watch_thrown,0.0293,1.8198,0,,received,False,0.00,0.00,0.93,DEVICE_REMOVED,DEVICE_THROWN_OR_DROPPED,DEVICE_THROWN_OR_DROPPED,기기 투척 이벤트 확정됨 — 리셋 또는 시나리오 변경 전까지 유지
1779982687.725742,U1,349,watch_thrown,0.0061,0.1122,0,,received,False,0.00,0.00,0.93,DEVICE_REMOVED,DEVICE_THROWN_OR_DROPPED,DEVICE_THROWN_OR_DROPPED,기기 투척 이벤트 확정됨 — 리셋 또는 시나리오 변경 전까지 유지
1779982688.5203142,U1,351,watch_thrown,0.0057,3.4092,0,,received,False,0.00,0.00,0.93,DEVICE_REMOVED,DEVICE_THROWN_OR_DROPPED,DEVICE_THROWN_OR_DROPPED,기기 투척 이벤트 확정됨 — 리셋 또는 시나리오 변경 전까지 유지
1779982689.0290651,U1,352,watch_thrown,0.0343,3.1022,0,,received,False,0.00,0.00,0.93,DEVICE_REMOVED,DEVICE_THROWN_OR_DROPPED,DEVICE_THROWN_OR_DROPPED,기기 투척 이벤트 확정됨 — 리셋 또는 시나리오 변경 전까지 유지
1779982689.7897203,U1,354,watch_thrown,0.0244,4.6239,0,,received,False,0.00,0.00,0.90,DEVICE_REMOVED,DEVICE_THROWN_OR_DROPPED,DEVICE_THROWN_OR_DROPPED,기기 투척 이벤트 확정됨 — 리셋 또는 시나리오 변경 전까지 유지
1779982690.421281,U1,355,watch_thrown,0.0367,1.8508,0,,received,False,0.00,0.00,0.90,DEVICE_REMOVED,DEVICE_THROWN_OR_DROPPED,DEVICE_THROWN_OR_DROPPED,기기 투척 이벤트 확정됨 — 리셋 또는 시나리오 변경 전까지 유지
1779982690.8196619,U1,356,watch_thrown,0.0214,4.0841,0,,received,False,0.00,0.00,0.93,DEVICE_REMOVED,DEVICE_THROWN_OR_DROPPED,DEVICE_THROWN_OR_DROPPED,기기 투척 이벤트 확정됨 — 리셋 또는 시나리오 변경 전까지 유지
1779982691.3744028,U1,357,watch_thrown,0.0458,1.4743,0,,received,False,0.00,0.00,0.93,DEVICE_REMOVED,DEVICE_THROWN_OR_DROPPED,DEVICE_THROWN_OR_DROPPED,기기 투척 이벤트 확정됨 — 리셋 또는 시나리오 변경 전까지 유지
1779982692.1359634,U1,359,watch_thrown,0.0216,3.6351,0,,received,False,0.00,0.00,0.90,DEVICE_REMOVED,DEVICE_THROWN_OR_DROPPED,DEVICE_THROWN_OR_DROPPED,기기 투척 이벤트 확정됨 — 리셋 또는 시나리오 변경 전까지 유지
1779982692.7307794,U1,360,watch_thrown,0.0114,2.6378,0,,received,False,0.00,0.00,0.90,DEVICE_REMOVED,DEVICE_THROWN_OR_DROPPED,DEVICE_THROWN_OR_DROPPED,기기 투척 이벤트 확정됨 — 리셋 또는 시나리오 변경 전까지 유지
1779982693.2116942,U1,361,watch_thrown,0.0272,1.7335,0,,received,False,0.00,0.00,0.90,DEVICE_REMOVED,DEVICE_THROWN_OR_DROPPED,DEVICE_THROWN_OR_DROPPED,기기 투척 이벤트 확정됨 — 리셋 또는 시나리오 변경 전까지 유지
1779982693.5817366,U1,362,watch_thrown,0.0019,2.5941,0,,received,False,0.00,0.00,0.93,DEVICE_REMOVED,DEVICE_THROWN_OR_DROPPED,DEVICE_THROWN_OR_DROPPED,기기 투척 이벤트 확정됨 — 리셋 또는 시나리오 변경 전까지 유지
1779982694.2362216,U1,363,watch_thrown,0.0463,3.0201,0,,received,False,0.00,0.00,0.93,DEVICE_REMOVED,DEVICE_THROWN_OR_DROPPED,DEVICE_THROWN_OR_DROPPED,기기 투척 이벤트 확정됨 — 리셋 또는 시나리오 변경 전까지 유지
1779982694.8741362,U1,364,watch_thrown,0.0105,3.9100,0,,received,False,0.00,0.00,0.93,DEVICE_REMOVED,DEVICE_THROWN_OR_DROPPED,DEVICE_THROWN_OR_DROPPED,기기 투척 이벤트 확정됨 — 리셋 또는 시나리오 변경 전까지 유지
1779982695.4103026,U1,365,watch_thrown,0.0217,2.7813,0,,received,False,0.00,0.00,0.97,DEVICE_REMOVED,DEVICE_THROWN_OR_DROPPED,DEVICE_THROWN_OR_DROPPED,기기 투척 이벤트 확정됨 — 리셋 또는 시나리오 변경 전까지 유지
1779982695.911659,U1,366,watch_thrown,0.0471,2.3448,0,,received,False,0.00,0.00,0.97,DEVICE_REMOVED,DEVICE_THROWN_OR_DROPPED,DEVICE_THROWN_OR_DROPPED,기기 투척 이벤트 확정됨 — 리셋 또는 시나리오 변경 전까지 유지
1779982696.5959249,U1,367,watch_thrown,0.0095,0.1688,0,,received,False,0.00,0.00,0.97,DEVICE_REMOVED,DEVICE_THROWN_OR_DROPPED,DEVICE_THROWN_OR_DROPPED,기기 투척 이벤트 확정됨 — 리셋 또는 시나리오 변경 전까지 유지
1779982696.9847436,U1,368,watch_thrown,0.0257,3.6845,0,,received,False,0.00,0.00,0.97,DEVICE_REMOVED,DEVICE_THROWN_OR_DROPPED,DEVICE_THROWN_OR_DROPPED,기기 투척 이벤트 확정됨 — 리셋 또는 시나리오 변경 전까지 유지
1779982697.4756165,U1,369,watch_thrown,0.0405,1.2300,0,,received,False,0.00,0.00,0.97,DEVICE_REMOVED,DEVICE_THROWN_OR_DROPPED,DEVICE_THROWN_OR_DROPPED,기기 투척 이벤트 확정됨 — 리셋 또는 시나리오 변경 전까지 유지
1779982698.0985816,U1,370,watch_thrown,0.0293,1.7507,0,,received,False,0.00,0.00,1.00,DEVICE_REMOVED,DEVICE_THROWN_OR_DROPPED,DEVICE_THROWN_OR_DROPPED,기기 투척 이벤트 확정됨 — 리셋 또는 시나리오 변경 전까지 유지
1779982698.8253176,U1,372,watch_thrown,0.0136,2.4189,0,,received,False,0.00,0.00,0.97,DEVICE_REMOVED,DEVICE_THROWN_OR_DROPPED,DEVICE_THROWN_OR_DROPPED,기기 투척 이벤트 확정됨 — 리셋 또는 시나리오 변경 전까지 유지
1779982699.4598536,U1,373,watch_thrown,0.0219,3.0475,0,,received,False,0.00,0.00,0.97,DEVICE_REMOVED,DEVICE_THROWN_OR_DROPPED,DEVICE_THROWN_OR_DROPPED,기기 투척 이벤트 확정됨 — 리셋 또는 시나리오 변경 전까지 유지
1779982699.8843918,U1,374,watch_thrown,0.0477,2.9185,0,,received,False,0.00,0.00,0.97,DEVICE_REMOVED,DEVICE_THROWN_OR_DROPPED,DEVICE_THROWN_OR_DROPPED,기기 투척 이벤트 확정됨 — 리셋 또는 시나리오 변경 전까지 유지
1779982700.238661,U1,375,watch_thrown,0.0061,4.6764,0,,received,False,0.00,0.00,0.97,DEVICE_REMOVED,DEVICE_THROWN_OR_DROPPED,DEVICE_THROWN_OR_DROPPED,기기 투척 이벤트 확정됨 — 리셋 또는 시나리오 변경 전까지 유지
1779982701.1156156,U1,377,watch_thrown,0.0284,2.4880,0,,received,False,0.00,0.00,0.93,DEVICE_REMOVED,DEVICE_THROWN_OR_DROPPED,DEVICE_THROWN_OR_DROPPED,기기 투척 이벤트 확정됨 — 리셋 또는 시나리오 변경 전까지 유지
1779982701.574596,U1,378,watch_thrown,0.0415,3.4691,0,,received,False,0.00,0.00,0.93,DEVICE_REMOVED,DEVICE_THROWN_OR_DROPPED,DEVICE_THROWN_OR_DROPPED,기기 투척 이벤트 확정됨 — 리셋 또는 시나리오 변경 전까지 유지
1779982701.9701364,U1,379,watch_thrown,0.0288,2.7105,0,,received,False,0.00,0.00,0.93,DEVICE_REMOVED,DEVICE_THROWN_OR_DROPPED,DEVICE_THROWN_OR_DROPPED,기기 투척 이벤트 확정됨 — 리셋 또는 시나리오 변경 전까지 유지
1779982702.4267557,U1,380,watch_thrown,0.0463,4.8413,0,,received,False,0.00,0.00,0.93,DEVICE_REMOVED,DEVICE_THROWN_OR_DROPPED,DEVICE_THROWN_OR_DROPPED,기기 투척 이벤트 확정됨 — 리셋 또는 시나리오 변경 전까지 유지
1779982702.9420793,U1,381,watch_thrown,0.0166,0.4132,0,,received,False,0.00,0.00,0.93,DEVICE_REMOVED,DEVICE_THROWN_OR_DROPPED,DEVICE_THROWN_OR_DROPPED,기기 투척 이벤트 확정됨 — 리셋 또는 시나리오 변경 전까지 유지
1779982703.6214042,U1,382,watch_thrown,0.0351,1.9503,0,,received,False,0.00,0.00,0.93,DEVICE_REMOVED,DEVICE_THROWN_OR_DROPPED,DEVICE_THROWN_OR_DROPPED,기기 투척 이벤트 확정됨 — 리셋 또는 시나리오 변경 전까지 유지
1779982704.0742218,U1,383,watch_thrown,0.0450,1.3013,0,,received,False,0.00,0.00,0.97,DEVICE_REMOVED,DEVICE_THROWN_OR_DROPPED,DEVICE_THROWN_OR_DROPPED,기기 투척 이벤트 확정됨 — 리셋 또는 시나리오 변경 전까지 유지
1779982704.4386322,U1,384,watch_thrown,0.0244,4.2500,0,,received,False,0.00,0.00,0.97,DEVICE_REMOVED,DEVICE_THROWN_OR_DROPPED,DEVICE_THROWN_OR_DROPPED,기기 투척 이벤트 확정됨 — 리셋 또는 시나리오 변경 전까지 유지
1779982705.1010406,U1,385,watch_thrown,0.0221,4.2587,0,,received,False,0.00,0.00,0.97,DEVICE_REMOVED,DEVICE_THROWN_OR_DROPPED,DEVICE_THROWN_OR_DROPPED,기기 투척 이벤트 확정됨 — 리셋 또는 시나리오 변경 전까지 유지
1779982705.7393079,U1,386,watch_thrown,0.0446,1.3100,0,,received,False,0.00,0.00,0.97,DEVICE_REMOVED,DEVICE_THROWN_OR_DROPPED,DEVICE_THROWN_OR_DROPPED,기기 투척 이벤트 확정됨 — 리셋 또는 시나리오 변경 전까지 유지
1779982706.2503805,U1,387,watch_thrown,0.0419,2.2186,0,,received,False,0.00,0.00,0.97,DEVICE_REMOVED,DEVICE_THROWN_OR_DROPPED,DEVICE_THROWN_OR_DROPPED,기기 투척 이벤트 확정됨 — 리셋 또는 시나리오 변경 전까지 유지
1779982706.649055,U1,388,watch_thrown,0.0387,2.2763,0,,received,False,0.00,0.00,1.00,DEVICE_REMOVED,DEVICE_THROWN_OR_DROPPED,DEVICE_THROWN_OR_DROPPED,기기 투척 이벤트 확정됨 — 리셋 또는 시나리오 변경 전까지 유지
1779982707.1646612,U1,389,watch_thrown,0.0356,2.0147,0,,received,False,0.00,0.00,1.00,DEVICE_REMOVED,DEVICE_THROWN_OR_DROPPED,DEVICE_THROWN_OR_DROPPED,기기 투척 이벤트 확정됨 — 리셋 또는 시나리오 변경 전까지 유지
1779982707.6286244,U1,390,watch_thrown,0.0472,1.2114,0,,received,False,0.00,0.00,1.00,DEVICE_REMOVED,DEVICE_THROWN_OR_DROPPED,DEVICE_THROWN_OR_DROPPED,기기 투척 이벤트 확정됨 — 리셋 또는 시나리오 변경 전까지 유지
1779982708.4142356,U1,392,watch_thrown,0.0388,4.6950,0,,received,False,0.00,0.00,0.97,DEVICE_REMOVED,DEVICE_THROWN_OR_DROPPED,DEVICE_THROWN_OR_DROPPED,기기 투척 이벤트 확정됨 — 리셋 또는 시나리오 변경 전까지 유지
1779982708.9921963,U1,393,watch_thrown,0.0442,4.1926,0,,received,False,0.00,0.00,0.97,DEVICE_REMOVED,DEVICE_THROWN_OR_DROPPED,DEVICE_THROWN_OR_DROPPED,기기 투척 이벤트 확정됨 — 리셋 또는 시나리오 변경 전까지 유지
1779982709.4581232,U1,394,watch_thrown,0.0083,2.4967,0,,received,False,0.00,0.00,0.97,DEVICE_REMOVED,DEVICE_THROWN_OR_DROPPED,DEVICE_THROWN_OR_DROPPED,기기 투척 이벤트 확정됨 — 리셋 또는 시나리오 변경 전까지 유지
1779982710.1245685,U1,395,watch_thrown,0.0158,2.1348,0,,received,False,0.00,0.00,0.97,DEVICE_REMOVED,DEVICE_THROWN_OR_DROPPED,DEVICE_THROWN_OR_DROPPED,기기 투척 이벤트 확정됨 — 리셋 또는 시나리오 변경 전까지 유지
1779982710.7395418,U1,396,watch_thrown,0.0483,3.4450,0,,received,False,0.00,0.00,0.97,DEVICE_REMOVED,DEVICE_THROWN_OR_DROPPED,DEVICE_THROWN_OR_DROPPED,기기 투척 이벤트 확정됨 — 리셋 또는 시나리오 변경 전까지 유지
1779982711.0991094,U1,397,watch_thrown,0.0019,2.7130,0,,received,False,0.00,0.00,0.97,DEVICE_REMOVED,DEVICE_THROWN_OR_DROPPED,DEVICE_THROWN_OR_DROPPED,기기 투척 이벤트 확정됨 — 리셋 또는 시나리오 변경 전까지 유지
1779982711.6524508,U1,398,watch_thrown,0.0326,4.7135,0,,received,False,0.00,0.00,0.97,DEVICE_REMOVED,DEVICE_THROWN_OR_DROPPED,DEVICE_THROWN_OR_DROPPED,기기 투척 이벤트 확정됨 — 리셋 또는 시나리오 변경 전까지 유지
1779982712.481836,U1,400,watch_thrown,0.0476,4.7714,0,,received,False,0.00,0.00,0.93,DEVICE_REMOVED,DEVICE_THROWN_OR_DROPPED,DEVICE_THROWN_OR_DROPPED,기기 투척 이벤트 확정됨 — 리셋 또는 시나리오 변경 전까지 유지
1779982713.1431537,U1,401,watch_thrown,0.0241,1.5290,0,,received,False,0.00,0.00,0.93,DEVICE_REMOVED,DEVICE_THROWN_OR_DROPPED,DEVICE_THROWN_OR_DROPPED,기기 투척 이벤트 확정됨 — 리셋 또는 시나리오 변경 전까지 유지
1779982713.575107,U1,402,watch_thrown,0.0074,3.1486,0,,received,False,0.00,0.00,0.93,DEVICE_REMOVED,DEVICE_THROWN_OR_DROPPED,DEVICE_THROWN_OR_DROPPED,기기 투척 이벤트 확정됨 — 리셋 또는 시나리오 변경 전까지 유지
1779982714.1923404,U1,403,watch_thrown,0.0484,1.8741,0,,received,False,0.00,0.00,0.97,DEVICE_REMOVED,DEVICE_THROWN_OR_DROPPED,DEVICE_THROWN_OR_DROPPED,기기 투척 이벤트 확정됨 — 리셋 또는 시나리오 변경 전까지 유지
1779982714.6545694,U1,404,watch_thrown,0.0258,2.3751,0,,received,False,0.00,0.00,0.97,DEVICE_REMOVED,DEVICE_THROWN_OR_DROPPED,DEVICE_THROWN_OR_DROPPED,기기 투척 이벤트 확정됨 — 리셋 또는 시나리오 변경 전까지 유지
1779982715.2628887,U1,405,watch_thrown,0.0016,0.3793,0,,received,False,0.00,0.00,0.97,DEVICE_REMOVED,DEVICE_THROWN_OR_DROPPED,DEVICE_THROWN_OR_DROPPED,기기 투척 이벤트 확정됨 — 리셋 또는 시나리오 변경 전까지 유지
1779982715.721,U1,406,watch_thrown,0.0006,1.8880,0,,received,False,0.00,0.00,0.97,DEVICE_REMOVED,DEVICE_THROWN_OR_DROPPED,DEVICE_THROWN_OR_DROPPED,기기 투척 이벤트 확정됨 — 리셋 또는 시나리오 변경 전까지 유지
1779982716.6603496,U1,408,watch_thrown,0.0300,2.9057,0,,received,False,0.00,0.00,0.93,DEVICE_REMOVED,DEVICE_THROWN_OR_DROPPED,DEVICE_THROWN_OR_DROPPED,기기 투척 이벤트 확정됨 — 리셋 또는 시나리오 변경 전까지 유지
1779982717.3485842,U1,409,watch_thrown,0.0423,4.6123,0,,received,False,0.00,0.00,0.93,DEVICE_REMOVED,DEVICE_THROWN_OR_DROPPED,DEVICE_THROWN_OR_DROPPED,기기 투척 이벤트 확정됨 — 리셋 또는 시나리오 변경 전까지 유지
1779982717.8560998,U1,410,watch_thrown,0.0137,0.7110,0,,received,False,0.00,0.00,0.93,DEVICE_REMOVED,DEVICE_THROWN_OR_DROPPED,DEVICE_THROWN_OR_DROPPED,기기 투척 이벤트 확정됨 — 리셋 또는 시나리오 변경 전까지 유지
1779982718.3773808,U2,0,normal_idle,0.0762,0.9693,1,71,received,False,0.00,1.00,1.00,NORMAL,NORMAL,,정상 활동 범위
1779982719.501805,U1,412,watch_thrown,0.0397,2.2532,0,,received,False,0.00,0.00,0.87,DEVICE_REMOVED,DEVICE_THROWN_OR_DROPPED,DEVICE_THROWN_OR_DROPPED,기기 투척 이벤트 확정됨 — 리셋 또는 시나리오 변경 전까지 유지
1779982720.1029732,U2,2,normal_idle,0.0121,2.8265,1,70,received,False,0.00,1.00,0.60,NORMAL,NORMAL,,정상 활동 범위
1779982720.890142,U2,3,normal_idle,0.0782,4.9225,1,70,received,False,0.00,1.00,0.70,NORMAL,NORMAL,,정상 활동 범위
1779982721.2504392,U1,414,watch_thrown,0.0022,0.1007,0,,received,False,0.00,0.00,0.77,DEVICE_REMOVED,DEVICE_THROWN_OR_DROPPED,DEVICE_THROWN_OR_DROPPED,기기 투척 이벤트 확정됨 — 리셋 또는 시나리오 변경 전까지 유지
1779982721.9066591,U2,4,normal_idle,0.0465,0.9100,1,71,received,False,0.00,1.00,0.76,NORMAL,NORMAL,,정상 활동 범위
1779982722.298508,U1,415,watch_thrown,0.0141,2.3734,0,,received,False,0.00,0.00,0.77,DEVICE_REMOVED,DEVICE_THROWN_OR_DROPPED,DEVICE_THROWN_OR_DROPPED,기기 투척 이벤트 확정됨 — 리셋 또는 시나리오 변경 전까지 유지
1779982723.996893,U2,5,normal_idle,0.0673,2.0043,1,69,received,False,0.00,1.00,0.80,NORMAL,NORMAL,,정상 활동 범위
1779982724.6668863,U1,416,watch_thrown,0.0143,4.3389,0,,received,False,0.00,0.00,0.77,DEVICE_REMOVED,DEVICE_THROWN_OR_DROPPED,DEVICE_THROWN_OR_DROPPED,기기 투척 이벤트 확정됨 — 리셋 또는 시나리오 변경 전까지 유지
1779982725.1625316,U2,6,normal_idle,0.0141,0.6472,1,69,received,False,0.00,1.00,0.83,NORMAL,NORMAL,,정상 활동 범위
1779982725.5586581,U1,417,watch_thrown,0.0189,4.6082,0,,received,False,0.00,0.00,0.77,DEVICE_REMOVED,DEVICE_THROWN_OR_DROPPED,DEVICE_THROWN_OR_DROPPED,기기 투척 이벤트 확정됨 — 리셋 또는 시나리오 변경 전까지 유지
1779982726.3796616,U1,418,watch_thrown,0.0199,1.3423,0,,received,False,0.00,0.00,0.77,DEVICE_REMOVED,DEVICE_THROWN_OR_DROPPED,DEVICE_THROWN_OR_DROPPED,기기 투척 이벤트 확정됨 — 리셋 또는 시나리오 변경 전까지 유지
1779982726.7704983,U2,8,normal_idle,0.0117,0.5957,1,71,received,False,0.00,1.00,0.73,NORMAL,NORMAL,,정상 활동 범위
1779982727.333945,U1,419,watch_thrown,0.0132,2.6091,0,,received,False,0.00,0.00,0.80,DEVICE_REMOVED,DEVICE_THROWN_OR_DROPPED,DEVICE_THROWN_OR_DROPPED,기기 투척 이벤트 확정됨 — 리셋 또는 시나리오 변경 전까지 유지
1779982727.6996465,U2,9,normal_idle,0.0755,4.3716,1,70,received,False,0.00,1.00,0.76,NORMAL,NORMAL,,정상 활동 범위
1779982729.3188953,U1,420,watch_thrown,0.0213,0.8047,0,,received,False,0.00,0.00,0.80,DEVICE_REMOVED,DEVICE_THROWN_OR_DROPPED,DEVICE_THROWN_OR_DROPPED,기기 투척 이벤트 확정됨 — 리셋 또는 시나리오 변경 전까지 유지
1779982729.6837497,U2,10,normal_idle,0.0407,2.9021,1,70,received,False,0.00,1.00,0.78,NORMAL,NORMAL,,정상 활동 범위
1779982730.3069344,U1,421,watch_thrown,0.0170,1.7376,0,,received,False,0.00,0.00,0.80,DEVICE_REMOVED,DEVICE_THROWN_OR_DROPPED,DEVICE_THROWN_OR_DROPPED,기기 투척 이벤트 확정됨 — 리셋 또는 시나리오 변경 전까지 유지
1779982730.6923108,U2,11,normal_idle,0.0390,1.8367,1,71,received,False,0.00,1.00,0.80,NORMAL,NORMAL,,정상 활동 범위
1779982731.0779543,U1,422,watch_thrown,0.0276,3.7237,0,,received,False,0.00,0.00,0.80,DEVICE_REMOVED,DEVICE_THROWN_OR_DROPPED,DEVICE_THROWN_OR_DROPPED,기기 투척 이벤트 확정됨 — 리셋 또는 시나리오 변경 전까지 유지
1779982731.4837523,U2,12,normal_idle,0.0326,5.1221,1,71,received,False,0.00,1.00,0.80,NORMAL,NORMAL,,정상 활동 범위
1779982732.1068556,U1,423,watch_thrown,0.0308,4.1929,0,,received,False,0.00,0.00,0.90,DEVICE_REMOVED,DEVICE_THROWN_OR_DROPPED,DEVICE_THROWN_OR_DROPPED,기기 투척 이벤트 확정됨 — 리셋 또는 시나리오 변경 전까지 유지
1779982732.4888062,U2,13,normal_idle,0.0274,0.5457,1,71,received,False,0.00,1.00,0.90,NORMAL,NORMAL,,정상 활동 범위
1779982733.1405602,U1,424,watch_thrown,0.0146,1.6473,0,,received,False,0.00,0.00,0.90,DEVICE_REMOVED,DEVICE_THROWN_OR_DROPPED,DEVICE_THROWN_OR_DROPPED,기기 투척 이벤트 확정됨 — 리셋 또는 시나리오 변경 전까지 유지
1779982733.8700202,U1,425,watch_thrown,0.0419,4.2434,0,,received,False,0.00,0.00,1.00,DEVICE_REMOVED,DEVICE_THROWN_OR_DROPPED,DEVICE_THROWN_OR_DROPPED,기기 투척 이벤트 확정됨 — 리셋 또는 시나리오 변경 전까지 유지
1779982735.6127286,U1,426,watch_thrown,0.0250,0.4030,0,,received,False,0.00,0.00,1.00,DEVICE_REMOVED,DEVICE_THROWN_OR_DROPPED,DEVICE_THROWN_OR_DROPPED,기기 투척 이벤트 확정됨 — 리셋 또는 시나리오 변경 전까지 유지
1779982736.0989535,U2,16,normal_idle,0.0739,3.2196,1,70,received,False,0.00,1.00,0.70,NORMAL,NORMAL,,정상 활동 범위
1779982736.8380315,U2,17,normal_idle,0.0585,2.4689,1,69,received,False,0.00,1.00,0.70,NORMAL,NORMAL,,정상 활동 범위
1779982738.3080375,U1,428,normal_idle,0.0740,0.8559,1,70,received,False,0.00,1.00,1.00,NORMAL,NORMAL,,정상 활동 범위
1779982739.000389,U2,18,normal_idle,0.0269,2.9631,1,69,received,False,0.00,1.00,0.70,NORMAL,NORMAL,,정상 활동 범위
1779982739.6287265,U1,429,normal_idle,0.0716,3.2017,1,69,received,False,0.00,1.00,1.00,NORMAL,NORMAL,,정상 활동 범위
1779982740.2272878,U2,19,normal_idle,0.0254,4.5558,1,69,received,False,0.00,1.00,0.80,NORMAL,NORMAL,,정상 활동 범위
1779982740.8069344,U1,430,normal_idle,0.0604,3.4823,1,69,received,False,0.00,1.00,1.00,NORMAL,NORMAL,,정상 활동 범위
1779982741.3306684,U2,20,normal_idle,0.0543,3.0758,1,69,received,False,0.00,1.00,0.80,NORMAL,NORMAL,,정상 활동 범위
1779982741.7801113,U1,431,normal_idle,0.0329,0.7584,1,69,received,False,0.00,1.00,1.00,NORMAL,NORMAL,,정상 활동 범위
1779982742.393972,U2,21,normal_idle,0.0715,5.2737,1,69,received,False,0.00,1.00,0.80,NORMAL,NORMAL,,정상 활동 범위
1779982742.9049613,U1,432,normal_idle,0.0452,3.9610,1,69,received,False,0.00,1.00,1.00,NORMAL,NORMAL,,정상 활동 범위
1779982743.5765307,U2,22,normal_idle,0.0741,3.9770,1,68,received,False,0.00,1.00,0.80,NORMAL,NORMAL,,정상 활동 범위
1779982743.9333477,U1,433,normal_idle,0.0128,3.9370,1,68,received,False,0.00,1.00,1.00,NORMAL,NORMAL,,정상 활동 범위
1779982744.6113634,U2,23,normal_idle,0.0384,5.2421,1,69,received,False,0.00,1.00,0.80,NORMAL,NORMAL,,정상 활동 범위
1779982745.2481256,U1,434,normal_idle,0.0474,1.4333,1,67,received,False,0.00,1.00,1.00,NORMAL,NORMAL,,정상 활동 범위
1779982745.7645278,U2,24,normal_idle,0.0347,0.7295,1,70,received,False,0.00,1.00,0.80,NORMAL,NORMAL,,정상 활동 범위
1779982746.712426,U2,25,normal_idle,0.0697,1.8097,1,69,received,False,0.00,1.00,0.80,NORMAL,NORMAL,,정상 활동 범위
1779982747.0997174,U1,436,normal_idle,0.0789,2.2976,1,68,received,False,0.00,1.00,0.87,NORMAL,NORMAL,,정상 활동 범위
1779982747.5479722,U2,26,normal_idle,0.0680,5.1508,1,69,received,False,0.00,1.00,0.90,NORMAL,NORMAL,,정상 활동 범위
1779982748.0008605,U1,437,normal_idle,0.0480,5.6476,1,68,received,False,0.00,1.00,0.88,NORMAL,NORMAL,,정상 활동 범위
1779982748.83644,U1,438,normal_idle,0.0175,5.4077,1,68,received,False,0.00,1.00,0.89,NORMAL,NORMAL,,정상 활동 범위
1779982749.3709195,U2,28,normal_idle,0.0710,5.4983,1,69,received,False,0.00,1.00,0.90,NORMAL,NORMAL,,정상 활동 범위
1779982750.0335364,U1,439,normal_idle,0.0521,2.0209,1,68,received,False,0.00,1.00,0.90,NORMAL,NORMAL,,정상 활동 범위
1779982750.607479,U2,29,normal_idle,0.0380,0.5980,1,70,received,False,0.00,1.00,0.90,NORMAL,NORMAL,,정상 활동 범위
1779982751.3298683,U2,30,normal_idle,0.0758,0.8706,1,69,received,False,0.00,1.00,0.90,NORMAL,NORMAL,,정상 활동 범위
1779982751.8825305,U1,441,normal_idle,0.0660,0.5754,1,68,received,False,0.00,1.00,0.80,NORMAL,NORMAL,,정상 활동 범위
1779982752.9296947,U2,32,normal_idle,0.0358,5.1871,1,69,received,False,0.00,1.00,0.80,NORMAL,NORMAL,,정상 활동 범위
1779982753.4229755,U1,443,normal_idle,0.0135,1.7340,1,69,received,False,0.00,1.00,0.70,NORMAL,NORMAL,,정상 활동 범위
1779982753.781592,U2,33,normal_idle,0.0377,3.3860,1,68,received,False,0.00,1.00,0.80,NORMAL,NORMAL,,정상 활동 범위
1779982754.4308438,U1,444,normal_idle,0.0289,2.2490,1,69,received,False,0.00,1.00,0.70,NORMAL,NORMAL,,정상 활동 범위
1779982754.8060048,U2,34,normal_idle,0.0799,3.4803,1,68,received,False,0.00,1.00,0.80,NORMAL,NORMAL,,정상 활동 범위
1779982756.3287058,U1,445,real_fall,0.3824,56.6915,1,70,received,False,0.00,1.00,1.00,NORMAL,NORMAL,,정상 활동 범위
1779982756.9778626,U2,35,normal_idle,0.0614,2.1618,1,68,received,False,0.00,1.00,0.80,NORMAL,NORMAL,,정상 활동 범위
1779982757.66943,U2,36,normal_idle,0.0186,5.1108,1,67,received,False,0.00,1.00,0.80,NORMAL,NORMAL,,정상 활동 범위
1779982758.2669497,U1,447,real_fall,0.2700,41.9207,1,72,received,False,0.00,1.00,0.60,NORMAL,NORMAL,,정상 활동 범위
1779982758.6445546,U2,37,normal_idle,0.0601,2.1432,1,68,received,False,0.00,1.00,0.80,NORMAL,NORMAL,,정상 활동 범위
1779982759.2321436,U1,448,real_fall,0.3836,54.9396,1,71,received,False,0.00,1.00,0.70,NORMAL,NORMAL,,정상 활동 범위
1779982759.6391985,U2,38,normal_idle,0.0254,4.5545,1,69,received,False,0.00,1.00,0.80,NORMAL,NORMAL,,정상 활동 범위
1779982760.010368,U1,449,real_fall,0.1233,18.3939,1,72,received,False,0.00,1.00,0.76,NORMAL,NORMAL,,정상 활동 범위
1779982760.407676,U2,39,normal_idle,0.0191,4.2864,1,68,received,False,0.00,1.00,0.90,NORMAL,NORMAL,,정상 활동 범위
1779982760.8685372,U1,450,real_fall,0.3932,52.0431,1,74,received,False,0.00,1.00,0.80,NORMAL,NORMAL,,정상 활동 범위
1779982761.3329096,U2,40,normal_idle,0.0523,0.5487,1,69,received,False,0.00,1.00,0.90,NORMAL,NORMAL,,정상 활동 범위
1779982761.9950702,U1,451,real_fall,0.3104,43.8810,1,75,received,False,0.00,1.00,0.83,NORMAL,NORMAL,,정상 활동 범위
1779982762.3827837,U2,41,normal_idle,0.0553,0.5213,1,69,received,False,0.00,1.00,0.90,NORMAL,NORMAL,,정상 활동 범위
1779982764.864821,U1,452,real_fall,0.2410,31.9990,1,75,received,False,0.00,1.00,0.85,NORMAL,NORMAL,,정상 활동 범위
1779982765.3083196,U2,42,normal_idle,0.0267,1.3340,1,70,received,False,0.00,1.00,0.90,NORMAL,NORMAL,,정상 활동 범위
1779982765.6779785,U1,453,real_fall,0.6160,301.9363,1,78,received,False,0.00,1.00,0.87,NORMAL,NORMAL,,정상 활동 범위
1779982766.0578396,U2,43,normal_idle,0.0651,3.6861,1,70,received,False,0.00,1.00,1.00,NORMAL,NORMAL,,정상 활동 범위
1779982766.6298196,U1,454,real_fall,4.5701,688.4171,1,82,received,False,0.55,1.00,0.88,WARNING,WARNING,,"가속도 4.6g 충격, 충격 후 정지 미확인 → 낙상 후보 경고 (단순 충격일 수 있음)"
1779982767.3138776,U1,455,real_fall,4.4977,429.1185,1,84,received,False,0.55,1.00,0.89,WARNING,WARNING,,"가속도 4.6g 충격, 충격 후 정지 미확인 → 낙상 후보 경고 (단순 충격일 수 있음)"
1779982767.81982,U2,45,normal_idle,0.0213,4.5948,1,69,received,False,0.00,1.00,0.90,NORMAL,NORMAL,,정상 활동 범위
1779982768.584374,U2,46,normal_idle,0.0268,3.5580,1,69,received,False,0.00,1.00,0.90,NORMAL,NORMAL,,정상 활동 범위
1779982769.0409298,U1,457,real_fall,0.0662,11.5636,1,88,received,False,0.55,1.00,0.80,WARNING,WARNING,,"가속도 4.6g 충격, 충격 후 정지 미확인 → 낙상 후보 경고 (단순 충격일 수 있음)"
1779982769.450113,U2,47,normal_idle,0.0619,4.7305,1,70,received,False,0.00,1.00,0.90,NORMAL,NORMAL,,정상 활동 범위
1779982770.145483,U1,458,real_fall,0.0689,9.4404,1,90,received,False,1.00,1.00,0.90,EMERGENCY_FALL,EMERGENCY_FALL,EMERGENCY_FALL,"가속도 4.6g 충격+동반 회전, 충격 후 정지 확인, 착용 정상 → 실제 낙상 판정"
1779982770.6184204,U2,48,normal_idle,0.0627,1.5939,1,69,received,False,0.00,1.00,0.90,NORMAL,NORMAL,,정상 활동 범위
1779982771.0027173,U1,459,real_fall,0.0257,2.8382,1,92,received,False,1.00,1.00,0.90,EMERGENCY_FALL,EMERGENCY_FALL,EMERGENCY_FALL,"가속도 4.6g 충격+동반 회전, 충격 후 정지 확인, 착용 정상 → 실제 낙상 판정"
1779982771.4030485,U2,49,normal_idle,0.0593,2.2078,1,69,received,False,0.00,1.00,0.90,NORMAL,NORMAL,,정상 활동 범위
1779982772.0135283,U1,460,real_fall,0.0110,11.5515,1,93,received,False,1.00,1.00,0.90,EMERGENCY_FALL,EMERGENCY_FALL,EMERGENCY_FALL,"가속도 4.6g 충격+동반 회전, 충격 후 정지 확인, 착용 정상 → 실제 낙상 판정"
1779982772.406821,U2,50,normal_idle,0.0457,3.3060,1,68,received,False,0.00,1.00,0.90,NORMAL,NORMAL,,정상 활동 범위
1779982773.0377355,U1,461,real_fall,0.0692,1.4597,1,94,received,False,1.00,1.00,0.90,EMERGENCY_FALL,EMERGENCY_FALL,EMERGENCY_FALL,"가속도 4.6g 충격+동반 회전, 충격 후 정지 확인, 착용 정상 → 실제 낙상 판정"
1779982773.5641143,U2,51,normal_idle,0.0199,4.9562,1,68,received,False,0.00,1.00,0.90,NORMAL,NORMAL,,정상 활동 범위
1779982774.0974402,U1,462,real_fall,0.0517,11.6267,1,95,received,False,1.00,1.00,0.90,EMERGENCY_FALL,EMERGENCY_FALL,EMERGENCY_FALL,"가속도 4.6g 충격+동반 회전, 충격 후 정지 확인, 착용 정상 → 실제 낙상 판정"
1779982774.4586291,U2,52,normal_idle,0.0389,5.6112,1,67,received,False,0.00,1.00,0.90,NORMAL,NORMAL,,정상 활동 범위
1779982774.9499712,U1,463,real_fall,0.0663,5.4435,1,96,received,False,1.00,1.00,0.90,EMERGENCY_FALL,EMERGENCY_FALL,EMERGENCY_FALL,"가속도 4.6g 충격+동반 회전, 충격 후 정지 확인, 착용 정상 → 실제 낙상 판정"
1779982775.542559,U2,53,normal_idle,0.0489,3.3381,1,67,received,False,0.00,1.00,0.90,NORMAL,NORMAL,,정상 활동 범위
1779982776.0907643,U1,464,real_fall,0.0754,1.8724,1,97,received,False,1.00,1.00,0.90,EMERGENCY_FALL,EMERGENCY_FALL,EMERGENCY_FALL,"가속도 4.6g 충격+동반 회전, 충격 후 정지 확인, 착용 정상 → 실제 낙상 판정"
1779982777.8841116,U1,465,real_fall,0.0695,6.4542,1,98,received,False,1.00,1.00,0.90,EMERGENCY_FALL,EMERGENCY_FALL,EMERGENCY_FALL,"가속도 4.6g 충격+동반 회전, 충격 후 정지 확인, 착용 정상 → 실제 낙상 판정"
1779982778.2560928,U2,55,normal_idle,0.0642,4.2420,1,67,received,False,0.00,1.00,0.80,NORMAL,NORMAL,,정상 활동 범위
1779982778.8914733,U1,466,real_fall,0.0424,9.6057,1,99,received,False,1.00,1.00,0.90,EMERGENCY_FALL,EMERGENCY_FALL,EMERGENCY_FALL,"가속도 4.5g 충격+동반 회전, 충격 후 정지 확인, 착용 정상 → 실제 낙상 판정"
1779982779.2932868,U2,56,normal_idle,0.0495,3.2837,1,68,received,False,0.00,1.00,0.90,NORMAL,NORMAL,,정상 활동 범위
1779982779.8188634,U1,467,real_fall,0.0146,11.4729,1,99,received,False,0.00,1.00,0.90,NORMAL,EMERGENCY_FALL,EMERGENCY_FALL,낙상 이벤트 확정됨 — 시계의 'I'm OK' 또는 'Emergency SOS' 응답 대기
1779982780.3515277,U2,57,normal_idle,0.0127,3.9893,1,67,received,False,0.00,1.00,0.90,NORMAL,NORMAL,,정상 활동 범위
1779982780.8681326,U1,468,real_fall,0.0485,9.2418,1,99,received,False,0.00,1.00,1.00,NORMAL,EMERGENCY_FALL,EMERGENCY_FALL,낙상 이벤트 확정됨 — 시계의 'I'm OK' 또는 'Emergency SOS' 응답 대기
1779982781.4526582,U2,58,normal_idle,0.0221,4.4043,1,68,received,False,0.00,1.00,0.90,NORMAL,NORMAL,,정상 활동 범위
1779982782.8731923,U1,469,real_fall,0.0408,2.5385,1,100,received,False,0.00,1.00,1.00,NORMAL,EMERGENCY_FALL,EMERGENCY_FALL,낙상 이벤트 확정됨 — 시계의 'I'm OK' 또는 'Emergency SOS' 응답 대기
1779982783.2731159,U2,59,normal_idle,0.0143,5.4215,1,68,received,False,0.00,1.00,0.90,NORMAL,NORMAL,,정상 활동 범위
1779982784.0608013,U2,60,normal_idle,0.0242,5.7979,1,69,received,False,0.00,1.00,0.90,NORMAL,NORMAL,,정상 활동 범위
1779982784.5216665,U1,471,real_fall,0.0135,10.6705,1,101,received,False,0.00,1.00,0.90,NORMAL,EMERGENCY_FALL,EMERGENCY_FALL,낙상 이벤트 확정됨 — 시계의 'I'm OK' 또는 'Emergency SOS' 응답 대기
1779982785.1792715,U2,61,normal_idle,0.0745,2.6225,1,69,received,False,0.00,1.00,0.90,NORMAL,NORMAL,,정상 활동 범위
1779982785.757051,U1,472,real_fall,0.0280,6.9111,1,102,received,False,0.00,1.00,0.90,NORMAL,EMERGENCY_FALL,EMERGENCY_FALL,낙상 이벤트 확정됨 — 시계의 'I'm OK' 또는 'Emergency SOS' 응답 대기
1779982786.3064108,U2,62,normal_idle,0.0282,5.2483,1,71,received,False,0.00,1.00,0.90,NORMAL,NORMAL,,정상 활동 범위
1779982786.8586018,U1,473,real_fall,0.0666,6.2192,1,103,received,False,0.00,1.00,0.90,NORMAL,EMERGENCY_FALL,EMERGENCY_FALL,낙상 이벤트 확정됨 — 시계의 'I'm OK' 또는 'Emergency SOS' 응답 대기
1779982787.4665263,U2,63,normal_idle,0.0785,1.3248,1,70,received,False,0.00,1.00,0.90,NORMAL,NORMAL,,정상 활동 범위
1779982787.8835492,U1,474,real_fall,0.0362,4.0825,1,103,received,False,0.00,1.00,0.90,NORMAL,EMERGENCY_FALL,EMERGENCY_FALL,낙상 이벤트 확정됨 — 시계의 'I'm OK' 또는 'Emergency SOS' 응답 대기
1779982788.4949434,U2,64,normal_idle,0.0723,0.7896,1,70,received,False,0.00,1.00,0.90,NORMAL,NORMAL,,정상 활동 범위
1779982789.003233,U1,475,real_fall,0.0343,9.2729,1,104,received,False,0.00,1.00,0.90,NORMAL,EMERGENCY_FALL,EMERGENCY_FALL,낙상 이벤트 확정됨 — 시계의 'I'm OK' 또는 'Emergency SOS' 응답 대기
1779982789.5710816,U2,65,normal_idle,0.0567,4.2960,1,70,received,False,0.00,1.00,0.90,NORMAL,NORMAL,,정상 활동 범위
1779982790.0734425,U1,476,real_fall,0.0788,7.0917,1,104,received,False,0.00,1.00,0.90,NORMAL,EMERGENCY_FALL,EMERGENCY_FALL,낙상 이벤트 확정됨 — 시계의 'I'm OK' 또는 'Emergency SOS' 응답 대기
1779982790.6797724,U2,66,normal_idle,0.0362,2.4467,1,70,received,False,0.00,1.00,1.00,NORMAL,NORMAL,,정상 활동 범위
1779982791.0876136,U1,477,real_fall,0.0237,2.8702,1,105,received,False,0.00,1.00,0.90,NORMAL,EMERGENCY_FALL,EMERGENCY_FALL,낙상 이벤트 확정됨 — 시계의 'I'm OK' 또는 'Emergency SOS' 응답 대기
1779982791.46637,U2,67,normal_idle,0.0225,3.5529,1,71,received,False,0.00,1.00,1.00,NORMAL,NORMAL,,정상 활동 범위
1779982792.2418458,U2,68,normal_idle,0.0642,4.2078,1,71,received,False,0.00,1.00,1.00,NORMAL,NORMAL,,정상 활동 범위
1779982792.8184226,U1,479,real_fall,0.0510,4.2087,1,105,received,False,0.00,1.00,0.80,NORMAL,EMERGENCY_FALL,EMERGENCY_FALL,낙상 이벤트 확정됨 — 시계의 'I'm OK' 또는 'Emergency SOS' 응답 대기
1779982793.2750783,U2,69,normal_idle,0.0261,1.5552,1,70,received,False,0.00,1.00,1.00,NORMAL,NORMAL,,정상 활동 범위
1779982793.9594321,U1,480,real_fall,0.0489,7.6537,1,105,received,False,0.00,1.00,0.80,NORMAL,EMERGENCY_FALL,EMERGENCY_FALL,낙상 이벤트 확정됨 — 시계의 'I'm OK' 또는 'Emergency SOS' 응답 대기
1779982794.3431985,U2,70,normal_idle,0.0231,4.4785,1,69,received,False,0.00,1.00,1.00,NORMAL,NORMAL,,정상 활동 범위
1779982794.7455165,U1,481,real_fall,0.0316,2.8572,1,105,received,False,0.00,1.00,0.80,NORMAL,EMERGENCY_FALL,EMERGENCY_FALL,낙상 이벤트 확정됨 — 시계의 'I'm OK' 또는 'Emergency SOS' 응답 대기
1779982795.3479598,U2,71,normal_idle,0.0469,1.1306,1,69,received,False,0.00,1.00,1.00,NORMAL,NORMAL,,정상 활동 범위
1779982795.779552,U1,482,real_fall,0.0727,0.7946,1,106,received,False,0.00,1.00,0.90,NORMAL,EMERGENCY_FALL,EMERGENCY_FALL,낙상 이벤트 확정됨 — 시계의 'I'm OK' 또는 'Emergency SOS' 응답 대기
1779982796.1826422,U2,72,normal_idle,0.0150,3.8735,1,70,received,False,0.00,1.00,1.00,NORMAL,NORMAL,,정상 활동 범위
1779982797.0722296,U2,73,normal_idle,0.0462,1.8530,1,71,received,False,0.00,1.00,1.00,NORMAL,NORMAL,,정상 활동 범위
1779982797.7752385,U1,484,real_fall,0.0119,3.9236,1,105,received,False,0.00,1.00,0.80,NORMAL,EMERGENCY_FALL,EMERGENCY_FALL,낙상 이벤트 확정됨 — 시계의 'I'm OK' 또는 'Emergency SOS' 응답 대기
1779982798.258483,U2,74,normal_idle,0.0511,4.3314,1,69,received,False,0.00,1.00,1.00,NORMAL,NORMAL,,정상 활동 범위
1779982798.6932936,U1,485,real_fall,0.0122,6.5861,1,105,received,False,0.00,1.00,0.80,NORMAL,EMERGENCY_FALL,EMERGENCY_FALL,낙상 이벤트 확정됨 — 시계의 'I'm OK' 또는 'Emergency SOS' 응답 대기
1779982799.1219935,U2,75,normal_idle,0.0609,1.8620,1,68,received,False,0.00,1.00,1.00,NORMAL,NORMAL,,정상 활동 범위
1779982799.6552248,U1,486,real_fall,0.0512,2.1521,1,106,received,False,0.00,1.00,0.80,NORMAL,EMERGENCY_FALL,EMERGENCY_FALL,낙상 이벤트 확정됨 — 시계의 'I'm OK' 또는 'Emergency SOS' 응답 대기
1779982800.330835,U2,76,normal_idle,0.0689,2.8915,1,70,received,False,0.00,1.00,1.00,NORMAL,NORMAL,,정상 활동 범위
1779982800.873374,U1,487,real_fall,0.0721,1.3161,1,106,received,False,0.00,1.00,0.80,NORMAL,EMERGENCY_FALL,EMERGENCY_FALL,낙상 이벤트 확정됨 — 시계의 'I'm OK' 또는 'Emergency SOS' 응답 대기
1779982801.3815222,U2,77,normal_idle,0.0741,3.1301,1,69,received,False,0.00,1.00,1.00,NORMAL,NORMAL,,정상 활동 범위
1779982802.1410575,U2,78,normal_idle,0.0513,3.0720,1,69,received,False,0.00,1.00,1.00,NORMAL,NORMAL,,정상 활동 범위
1779982802.6502266,U1,489,real_fall,0.0210,6.1373,1,107,received,False,0.00,1.00,0.70,NORMAL,EMERGENCY_FALL,EMERGENCY_FALL,낙상 이벤트 확정됨 — 시계의 'I'm OK' 또는 'Emergency SOS' 응답 대기
1779982803.3273265,U2,79,normal_idle,0.0205,2.4999,1,68,received,False,0.00,1.00,1.00,NORMAL,NORMAL,,정상 활동 범위
1779982803.884567,U1,490,real_fall,0.0766,2.4486,1,107,received,False,0.00,1.00,0.80,NORMAL,EMERGENCY_FALL,EMERGENCY_FALL,낙상 이벤트 확정됨 — 시계의 'I'm OK' 또는 'Emergency SOS' 응답 대기
1779982804.5229087,U2,80,normal_idle,0.0358,2.1409,1,69,received,False,0.00,1.00,1.00,NORMAL,NORMAL,,정상 활동 범위
1779982805.738515,U1,492,real_fall,0.0666,2.8039,1,107,received,False,0.00,1.00,0.70,NORMAL,EMERGENCY_FALL,EMERGENCY_FALL,낙상 이벤트 확정됨 — 시계의 'I'm OK' 또는 'Emergency SOS' 응답 대기
1779982806.1416223,U2,82,normal_idle,0.0603,5.8930,1,69,received,False,0.00,1.00,0.90,NORMAL,NORMAL,,정상 활동 범위
1779982806.773929,U1,493,real_fall,0.0165,4.2611,1,107,received,False,0.00,1.00,0.70,NORMAL,EMERGENCY_FALL,EMERGENCY_FALL,낙상 이벤트 확정됨 — 시계의 'I'm OK' 또는 'Emergency SOS' 응답 대기
1779982807.2163315,U2,83,normal_idle,0.0157,0.7125,1,69,received,False,0.00,1.00,0.90,NORMAL,NORMAL,,정상 활동 범위
1779982807.9164705,U1,494,real_fall,0.0595,7.4361,1,107,received,False,0.00,1.00,0.70,NORMAL,EMERGENCY_FALL,EMERGENCY_FALL,낙상 이벤트 확정됨 — 시계의 'I'm OK' 또는 'Emergency SOS' 응답 대기
1779982808.5011556,U2,84,normal_idle,0.0645,1.5399,1,69,received,False,0.00,1.00,0.90,NORMAL,NORMAL,,정상 활동 범위
1779982808.9006083,U1,495,real_fall,0.0259,10.3601,1,108,received,False,0.00,1.00,0.80,NORMAL,EMERGENCY_FALL,EMERGENCY_FALL,낙상 이벤트 확정됨 — 시계의 'I'm OK' 또는 'Emergency SOS' 응답 대기
1779982809.4274817,U2,85,normal_idle,0.0573,5.5776,1,69,received,False,0.00,1.00,0.90,NORMAL,NORMAL,,정상 활동 범위
